Wrong mb,mb Changed,Moved before,Wrong chr,old 2cross,new 2cross,two fragments,old Chr,name,old CM,old Mb,,,,,,,,,,,,,,,,,,,,,,,,,,,,,,,,,,,,,,,,,,,,,,,,,,,,,,,,,,,,,old order,new Chr,name,new CM,new Mb,,,,,,,,,,,,,,,,,,,,,,,,,,,,,,,,,,,,,,,,,,,,,,,,,,,,,,,,,,,,,new order
 , , , , , , ,1,D1Mit118,4.4,3.959096,D,H,D,B,H,B,H,H,U,H,D,D,B,D,H,B,H,B,B,H,H,H,H,B,H,H,D,H,D,H,B,D,H,H,H,B,D,H,H,H,B,D,H,H,H,H,D,D,H,H,D,H,D,D,B,H,D,D,H,H,0,1,D1Mit118,4.4,3.959096,D,H,D,B,H,B,H,H,U,H,D,D,B,D,H,B,H,B,B,H,H,H,H,B,H,H,D,H,D,H,B,D,H,H,H,B,D,H,H,H,B,D,H,H,H,H,D,D,H,H,D,H,D,D,B,H,D,D,H,H,0
 , , , , , , ,1,D1Mit300,32.8,63.815118,D,H,D,B,B,H,B,H,H,H,H,D,H,H,H,B,H,B,B,H,H,H,B,H,H,D,D,H,D,H,B,D,H,H,D,B,D,B,H,H,H,H,D,H,H,B,H,D,D,B,H,H,H,D,H,H,D,D,H,H,1,1,D1Mit300,32.8,63.815118,D,H,D,B,B,H,B,H,H,H,H,D,H,H,H,B,H,B,B,H,H,H,B,H,H,D,D,H,D,H,B,D,H,H,D,B,D,B,H,H,H,H,D,H,H,B,H,D,D,B,H,H,H,D,H,H,D,D,H,H,1
 , , , , , , ,1,D1Mit48,52.5,90.39941,H,D,D,B,B,H,B,H,H,H,H,D,H,H,B,B,H,B,H,H,H,H,B,H,H,D,D,H,D,H,B,D,H,H,D,B,D,B,H,H,H,H,D,H,H,B,H,D,D,B,H,H,H,D,H,H,D,D,D,H,2,1,D1Mit48,52.5,90.39941,H,D,D,B,B,H,B,H,H,H,H,D,H,H,B,B,H,B,H,H,H,H,B,H,H,D,D,H,D,H,B,D,H,H,D,B,D,B,H,H,H,H,D,H,H,B,H,D,D,B,H,H,H,D,H,H,D,D,D,H,2
 , , , , , , ,1,D1Mit206,94,174.840872,D,B,H,B,H,H,B,D,B,B,H,H,D,D,B,B,D,H,H,B,H,B,D,H,H,D,H,D,H,H,H,D,H,H,D,H,B,B,H,H,B,D,D,H,D,B,H,D,D,H,H,D,H,B,D,B,H,D,H,D,3,1,D1Mit206,94.0,174.840872,D,B,H,B,H,H,B,D,B,B,H,H,D,D,B,B,D,H,H,B,H,B,D,H,H,D,H,D,H,H,H,D,H,H,D,H,B,B,H,H,B,D,D,H,D,B,H,D,D,H,H,D,H,B,D,B,H,D,H,D,3
 , , , , , , ,2,D2Mit6,12,20.81072,H,D,U,B,H,D,D,H,H,H,H,D,H,H,H,B,D,B,D,B,H,D,D,H,H,H,H,H,D,H,D,B,H,B,H,H,H,B,B,D,B,B,B,H,H,D,B,B,D,H,H,D,H,B,H,B,B,H,H,D,4,2,D2Mit6,12.0,20.81072,H,D,U,B,H,D,D,H,H,H,H,D,H,H,H,B,D,B,D,B,H,D,D,H,H,H,H,H,D,H,D,B,H,B,H,H,H,B,B,D,B,B,B,H,H,D,B,B,D,H,H,D,H,B,H,B,B,H,H,D,4
 , , , , , , ,2,D2Mit61,36.1,60.491106,H,H,U,D,D,D,D,H,B,B,H,H,B,H,D,B,H,B,D,B,H,H,B,B,H,H,H,B,D,B,D,B,H,D,B,H,D,H,H,D,B,B,B,H,B,D,B,B,D,H,H,D,H,B,H,H,B,H,B,H,5,2,D2Mit61,36.1,60.491106,H,H,U,D,D,D,D,H,B,B,H,H,B,H,D,B,H,B,D,B,H,H,B,B,H,H,H,B,D,B,D,B,H,D,B,H,D,H,H,D,B,B,B,H,B,D,B,B,D,H,H,D,H,B,H,H,B,H,B,H,5
 , , , , , , ,2,D2Mit164,56.8,123.081493,H,D,H,B,H,D,D,H,H,H,H,D,H,H,H,B,D,B,D,B,H,D,D,H,U,H,H,H,D,H,D,B,H,B,H,H,H,B,B,D,B,B,U,H,H,D,B,B,D,H,H,D,H,B,H,B,B,H,H,D,6,2,D2Mit164,56.8,123.081493,H,D,H,B,H,D,D,H,H,H,H,D,H,H,H,B,D,B,D,B,H,D,D,H,U,H,H,H,D,H,D,B,H,B,H,H,H,B,B,D,B,B,U,H,H,D,B,B,D,H,H,D,H,B,H,B,B,H,H,D,6
 , , , , , , ,2,D2Mit200,107,179.721107,H,D,D,B,H,B,B,H,H,D,D,H,D,H,B,H,H,B,H,B,D,H,H,B,H,D,D,H,H,H,D,H,D,H,H,D,H,H,H,B,B,B,D,H,H,H,H,H,H,H,B,D,D,D,B,D,B,D,H,U,7,2,D2Mit200,107.0,179.721107,H,D,D,B,H,B,B,H,H,D,D,H,D,H,B,H,H,B,H,B,D,H,H,B,H,D,D,H,H,H,D,H,D,H,H,D,H,H,H,B,B,B,D,H,H,H,H,H,H,H,B,D,D,D,B,D,B,D,H,U,7
 , , , , , , ,3,D3Mit65,17.5,50.781072,H,H,B,D,H,H,H,H,B,B,B,H,H,H,H,H,B,D,H,H,H,D,H,D,H,D,B,H,H,B,B,H,H,D,H,B,H,H,H,D,D,B,B,H,H,H,B,H,H,H,D,H,D,B,D,D,H,D,B,B,8,3,D3Mit65,17.5,50.781072,H,H,B,D,H,H,H,H,B,B,B,H,H,H,H,H,B,D,H,H,H,D,H,D,H,D,B,H,H,B,B,H,H,D,H,B,H,H,H,D,D,B,B,H,H,H,B,H,H,H,D,H,D,B,D,D,H,D,B,B,8
 , , , , , , ,3,D3Mit156,33.9,92.641397,H,H,H,D,B,B,H,H,H,B,H,H,H,H,D,H,B,D,H,D,B,D,H,D,D,B,B,H,H,B,U,H,D,H,B,B,H,H,H,D,B,B,B,H,B,H,B,D,D,B,D,H,B,H,D,H,H,H,B,B,9,3,D3Mit156,33.9,92.641397,H,H,H,D,B,B,H,H,H,B,H,H,H,H,D,H,B,D,H,D,B,D,H,D,D,B,B,H,H,B,U,H,D,H,B,B,H,H,H,D,B,B,B,H,B,H,B,D,D,B,D,H,B,H,D,H,H,H,B,B,9
 , , , , , , ,3,D3Mit17,50.3,143.58461,H,H,H,D,B,H,H,B,D,H,H,D,H,H,H,H,D,D,H,D,H,H,H,D,H,H,D,H,H,H,H,B,B,H,H,D,H,H,H,D,H,H,D,D,B,B,B,D,H,H,B,B,H,B,H,B,H,B,D,B,10,3,D3Mit17,50.3,143.58461,H,H,H,D,B,H,H,B,D,H,H,D,H,H,H,H,D,D,H,D,H,H,H,D,H,H,D,H,H,H,H,B,B,H,H,D,H,H,H,D,H,H,D,D,B,B,B,D,H,H,B,B,H,B,H,B,H,B,D,B,10
 , , , , , , ,3,D3Mit147,59,148.682794,H,H,H,B,B,H,H,B,U,H,H,D,H,H,H,H,D,D,H,B,H,H,H,D,H,H,D,H,B,H,H,B,B,H,D,D,H,D,H,D,H,H,D,D,B,H,B,D,H,D,B,B,B,B,D,B,H,B,D,B,11,3,D3Mit147,59.0,148.682794,H,H,H,B,B,H,H,B,U,H,H,D,H,H,H,H,D,D,H,B,H,H,H,D,H,H,D,H,B,H,H,B,B,H,D,D,H,D,H,D,H,H,D,D,B,H,B,D,H,D,B,B,B,B,D,B,H,B,D,B,11
 , , , , , , ,3,D3Mit19,66.7,157.918332,H,H,H,D,B,B,H,B,B,H,H,D,U,H,H,H,D,D,H,D,H,H,H,H,H,H,H,H,B,H,H,B,B,H,D,B,H,D,H,D,H,H,D,D,B,H,B,D,B,D,B,B,B,H,H,B,H,B,D,H,12,3,D3Mit19,66.7,157.918332,H,H,H,D,B,B,H,B,B,H,H,D,U,H,H,H,D,D,H,D,H,H,H,H,H,H,H,H,B,H,H,B,B,H,D,B,H,D,H,D,H,H,D,D,B,H,B,D,B,D,B,B,B,H,H,B,H,B,D,H,12
 , , , , , , ,4,D4Mit192,10.9,31.305846,H,D,H,B,B,D,H,H,D,B,D,H,B,B,D,H,H,H,H,H,H,B,H,H,B,H,H,H,H,D,H,H,D,D,H,H,H,D,B,D,H,B,D,D,B,B,H,D,H,B,D,H,D,B,D,D,D,B,D,B,13,4,D4Mit192,10.9,31.305846,H,D,H,B,B,D,H,H,D,B,D,H,B,B,D,H,H,H,H,H,H,B,H,H,B,H,H,H,H,D,H,H,D,D,H,H,H,D,B,D,H,B,D,D,B,B,H,D,H,B,D,H,D,B,D,D,D,B,D,B,13
 , , , , , , ,4,D4Mit142,30.6,73.690567,D,D,D,B,B,B,H,B,H,B,D,H,H,D,B,D,D,D,H,D,H,H,H,H,B,D,D,H,D,D,H,H,D,H,H,H,H,H,B,D,H,H,H,D,H,H,B,H,H,B,D,B,D,H,H,H,H,B,D,H,14,4,D4Mit142,30.6,73.690567,D,D,D,B,B,B,H,B,H,B,D,H,H,D,B,D,D,D,H,D,H,H,H,H,B,D,D,H,D,D,H,H,D,H,H,H,H,H,B,D,H,H,H,D,H,H,B,H,H,B,D,B,D,H,H,H,H,B,D,H,14
 , , , , , , ,4,D4Mit37,53.6,116.712705,D,H,D,B,B,B,H,B,H,B,D,H,H,D,H,D,D,D,H,D,H,D,H,D,B,D,H,B,D,D,H,B,D,D,H,D,H,B,B,D,H,H,H,D,D,H,B,B,D,D,H,H,B,H,B,H,H,U,D,H,15,4,D4Mit37,53.6,116.712705,D,H,D,B,B,B,H,B,H,B,D,H,H,D,H,D,D,D,H,D,H,D,H,D,B,D,H,B,D,D,H,B,D,D,H,D,H,B,B,D,H,H,H,D,D,H,B,B,D,D,H,H,B,H,B,H,H,U,D,H,15
 , , , , , , ,4,D4Mit343,79,141.978023,D,H,D,B,B,B,B,H,B,H,H,B,H,D,B,H,H,H,B,H,U,H,D,D,B,H,U,B,D,D,D,B,D,B,U,D,H,B,U,D,H,B,H,B,D,H,B,B,D,D,H,B,B,H,B,B,H,D,H,H,16,4,D4Mit343,79.0,141.978023,D,H,D,B,B,B,B,H,B,H,H,B,H,D,B,H,H,H,B,H,U,H,D,D,B,H,U,B,D,D,D,B,D,B,U,D,H,B,U,D,H,B,H,B,D,H,B,B,D,D,H,B,B,H,B,B,H,D,H,H,16
 , , , , , , ,5,D5Mit294,5.5,20.86914,B,B,H,D,D,B,H,B,H,B,H,H,D,D,H,H,B,H,B,B,B,D,B,D,D,D,H,B,B,D,H,H,H,H,H,D,B,D,D,H,D,H,H,H,H,H,D,H,B,H,B,B,B,D,B,H,H,H,D,H,17,5,D5Mit294,5.5,20.86914,B,B,H,D,D,B,H,B,H,B,H,H,D,D,H,H,B,H,B,B,B,D,B,D,D,D,H,B,B,D,H,H,H,H,H,D,B,D,D,H,D,H,H,H,H,H,D,H,B,H,B,B,B,D,B,H,H,H,D,H,17
 , , , , , , ,5,D5Mit197,26.2,64.928222,B,B,H,D,D,B,H,H,H,H,H,H,H,H,H,H,B,H,B,B,B,D,H,D,H,D,H,B,B,B,H,H,D,H,H,D,B,H,H,H,D,H,H,H,U,H,D,B,B,H,B,H,H,D,H,D,H,D,D,H,18,5,D5Mit197,26.2,64.928222,B,B,H,D,D,B,H,H,H,H,H,H,H,H,H,H,B,H,B,B,B,D,H,D,H,D,H,B,B,B,H,H,D,H,H,D,B,H,H,H,D,H,H,H,U,H,D,B,B,H,B,H,H,D,H,D,H,D,D,H,18
 , , , , , , ,5,D5Mit95,57.9,125.118213,H,H,H,H,D,B,B,H,B,U,H,H,H,H,H,H,H,H,H,H,U,D,H,H,B,D,B,B,B,H,U,H,H,H,B,D,H,B,H,U,H,B,B,D,H,D,H,H,B,B,H,H,B,D,H,D,H,D,H,B,19,5,D5Mit95,57.9,125.118213,H,H,H,H,D,B,B,H,B,U,H,H,H,H,H,H,H,H,H,H,U,D,H,H,B,D,B,B,B,H,U,H,H,H,B,D,H,B,H,U,H,B,B,D,H,D,H,H,B,B,H,H,B,D,H,D,H,D,H,B,19
 , , , , , , ,5,D5Mit168,78,137.343001,H,D,H,D,U,B,B,H,B,D,H,B,B,H,B,D,H,H,H,H,D,D,H,D,B,D,B,B,B,H,D,U,H,D,B,D,H,H,B,D,H,B,B,D,D,D,D,H,B,B,H,D,H,D,D,D,H,D,B,B,20,5,D5Mit168,78.0,137.343001,H,D,H,D,U,B,B,H,B,D,H,B,B,H,B,D,H,H,H,H,D,D,H,D,B,D,B,B,B,H,D,U,H,D,B,D,H,H,B,D,H,B,B,D,D,D,D,H,B,B,H,D,H,D,D,D,H,D,B,B,20
 , , , , , , ,6,D6Mit159,6.6,29.701231,D,B,B,H,B,D,B,D,H,D,B,B,B,D,H,B,B,H,H,H,H,H,D,B,D,H,H,H,H,D,B,D,D,H,H,B,H,H,U,H,H,H,H,H,B,D,D,D,B,H,D,H,B,H,D,D,H,H,D,H,21,6,D6Mit159,6.6,29.701231,D,B,B,H,B,D,B,D,H,D,B,B,B,D,H,B,B,H,H,H,H,H,D,B,D,H,H,H,H,D,B,D,D,H,H,B,H,H,U,H,H,H,H,H,B,D,D,D,B,H,D,H,B,H,D,D,H,H,D,H,21
 , , , , , , ,6,D6Mit93,12,52.091295,D,B,B,D,B,H,B,D,H,D,B,D,B,H,H,B,H,H,H,B,H,H,H,H,D,H,H,H,H,D,B,H,D,H,B,H,H,D,H,B,H,B,H,D,B,D,D,D,B,H,D,B,D,H,H,D,H,D,H,H,22,6,D6Mit93,12.0,52.091295,D,B,B,D,B,H,B,D,H,D,B,D,B,H,H,B,H,H,H,B,H,H,H,H,D,H,H,H,H,D,B,H,D,H,B,H,H,D,H,B,H,B,H,D,B,D,D,D,B,H,D,B,D,H,H,D,H,D,H,H,22
 , , , , , , ,6,D6Mit9,36.5,87.391538,D,H,H,D,B,U,B,D,H,D,H,H,B,H,H,H,H,H,H,H,H,H,H,B,D,H,H,B,D,H,B,H,B,H,B,D,U,D,H,H,B,B,H,D,H,D,D,D,B,B,H,B,D,H,H,D,H,H,H,D,23,6,D6Mit9,36.5,87.391538,D,H,H,D,B,U,B,D,H,D,H,H,B,H,H,H,H,H,H,H,H,H,H,B,D,H,H,B,D,H,B,H,B,H,B,D,U,D,H,H,B,B,H,D,H,D,D,D,B,B,H,B,D,H,H,D,H,H,H,D,23
 , , , , , , ,6,D6Mit39,40.4,106.535002,H,H,D,D,B,H,H,D,D,D,H,H,B,H,H,H,H,H,H,H,H,H,B,B,D,B,H,B,D,H,H,H,B,H,B,D,B,D,H,H,B,U,H,D,H,D,D,D,B,B,B,B,D,H,B,D,H,H,H,D,24,6,D6Mit39,40.4,106.535002,H,H,D,D,B,H,H,D,D,D,H,H,B,H,H,H,H,H,H,H,H,H,B,B,D,B,H,B,D,H,H,H,B,H,B,D,B,D,H,H,B,U,H,D,H,D,D,D,B,B,B,B,D,H,B,D,H,H,H,D,24
 , , , , , , ,6,D6Mit194,61.5,128.131103,B,H,D,D,B,B,H,H,D,D,H,B,B,H,B,H,H,D,D,D,H,H,B,B,D,B,H,B,H,H,H,B,B,H,B,D,D,D,H,H,B,B,B,D,H,D,H,D,B,H,B,D,D,H,B,D,U,H,D,D,25,6,D6Mit194,61.5,128.131103,B,H,D,D,B,B,H,H,D,D,H,B,B,H,B,H,H,D,D,D,H,H,B,B,D,B,H,B,H,H,H,B,B,H,B,D,D,D,H,H,B,B,B,D,H,D,H,D,B,H,B,D,D,H,B,D,U,H,D,D,25
 , , , , , , ,7,D7Mit114,5.5,26.446903,D,B,B,H,D,H,D,D,B,H,D,B,B,H,D,H,D,B,B,B,D,B,H,D,H,B,H,H,B,D,B,B,B,B,D,D,B,H,H,D,D,B,B,B,B,B,D,B,H,B,D,D,H,H,B,H,H,B,H,D,26,7,D7Mit114,5.5,26.446903,D,B,B,H,D,H,D,D,B,H,D,B,B,H,D,H,D,B,B,B,D,B,H,D,H,B,H,H,B,D,B,B,B,B,D,D,B,H,H,D,D,B,B,B,B,B,D,B,H,B,D,D,H,H,B,H,H,B,H,D,26
 , , , , , , ,7,D7Mit202,28.4,75.74914,H,H,D,D,D,D,H,D,D,H,H,U,B,H,D,H,H,B,B,H,H,B,H,H,H,B,H,D,D,D,B,B,H,H,D,H,D,B,H,H,H,H,D,B,B,H,H,B,B,H,D,D,H,H,H,H,D,D,H,D,27,7,D7Mit202,28.4,75.74914,H,H,D,D,D,D,H,D,D,H,H,U,B,H,D,H,H,B,B,H,H,B,H,H,H,B,H,D,D,D,B,B,H,H,D,H,D,B,H,H,H,H,D,B,B,H,H,B,B,H,D,D,H,H,H,H,D,D,H,D,27
 , , , , , , ,7,D7Mit40,42.6,116.60859,H,B,D,B,B,H,H,H,U,H,H,H,H,H,B,B,H,B,B,B,H,H,H,U,H,U,B,D,H,D,H,H,H,H,D,H,H,B,H,H,H,D,B,H,H,D,H,B,D,H,D,D,H,H,U,H,D,D,H,H,28,7,D7Mit40,42.6,116.60859,H,B,D,B,B,H,H,H,U,H,H,H,H,H,B,B,H,B,B,B,H,H,H,U,H,U,B,D,H,D,H,H,H,H,D,H,H,B,H,H,H,D,B,H,H,D,H,B,D,H,D,D,H,H,U,H,D,D,H,H,28
 , , , , , , ,7,D7Mit334,69,138.128114,H,H,D,B,B,B,D,H,D,B,B,H,B,U,B,B,H,B,B,D,B,U,D,H,H,H,B,D,H,D,H,H,H,H,D,H,H,B,H,H,B,H,B,D,H,D,D,B,D,H,H,D,B,H,D,H,D,D,H,H,29,7,D7Mit334,69.0,138.128114,H,H,D,B,B,B,D,H,D,B,B,H,B,U,B,B,H,B,B,D,B,U,D,H,H,H,B,D,H,D,H,H,H,H,D,H,H,B,H,H,B,H,B,D,H,D,D,B,D,H,H,D,B,H,D,H,D,D,H,H,29
 , , , , , , ,8,D8Mit4,12,33.482478,H,B,D,H,D,B,H,B,H,H,H,H,H,H,H,H,B,H,B,B,B,D,H,B,H,B,D,B,H,H,D,H,U,H,H,H,H,D,H,H,D,H,H,B,D,D,D,D,D,B,H,H,H,D,D,H,D,D,H,H,30,8,D8Mit4,12.0,33.482478,H,B,D,H,D,B,H,B,H,H,H,H,H,H,H,H,B,H,B,B,B,D,H,B,H,B,D,B,H,H,D,H,U,H,H,H,H,D,H,H,D,H,H,B,D,D,D,D,D,B,H,H,H,D,D,H,D,D,H,H,30
 , , , , , , ,8,D8Mit236,39,86.717296,H,B,H,H,D,B,H,B,H,H,B,H,H,H,B,H,H,H,B,B,B,B,H,D,H,B,H,H,H,H,H,B,B,H,D,H,H,D,B,D,H,H,B,D,D,D,D,D,H,B,H,H,H,D,H,D,D,D,B,H,31,8,D8Mit236,39.0,86.717296,H,B,H,H,D,B,H,B,H,H,B,H,H,H,B,H,H,H,B,B,B,B,H,D,H,B,H,H,H,H,H,B,B,H,D,H,H,D,B,D,H,H,B,D,D,D,D,D,H,B,H,H,H,D,H,D,D,D,B,H,31
 , , , , , , ,8,D8Mit56,75,131.904508,H,B,H,H,D,B,H,B,B,B,H,B,D,B,H,B,H,B,B,D,H,H,U,D,H,H,H,D,B,B,H,H,H,D,D,H,H,D,B,D,B,H,H,D,D,H,D,B,H,H,D,D,D,D,B,H,D,H,H,H,32,8,D8Mit56,75.0,131.904508,H,B,H,H,D,B,H,B,B,B,H,B,D,B,H,B,H,B,B,D,H,H,U,D,H,H,H,D,B,B,H,H,H,D,D,H,H,D,B,D,B,H,H,D,D,H,D,B,H,H,D,D,D,D,B,H,D,H,H,H,32
 , , , , , , ,9,D9Mit90,7.7,32.250019,H,H,B,H,H,D,H,H,B,D,D,H,B,H,H,H,H,B,D,H,H,B,H,H,H,D,H,H,D,H,D,B,B,D,D,D,H,H,H,H,H,B,H,H,D,H,B,H,B,D,B,H,B,H,H,D,B,H,H,H,33,9,D9Mit90,7.7,32.250019,H,H,B,H,H,D,H,H,B,D,D,H,B,H,H,H,H,B,D,H,H,B,H,H,H,D,H,H,D,H,D,B,B,D,D,D,H,H,H,H,H,B,H,H,D,H,B,H,B,D,B,H,B,H,H,D,B,H,H,H,33
 , , , , , , ,9,D9Mit4,24,51.875542,H,H,B,H,H,D,B,H,B,D,D,H,B,D,H,B,H,B,D,H,H,B,H,D,H,D,H,H,D,H,D,B,H,H,D,D,H,H,H,H,H,H,H,H,B,H,B,H,B,H,B,H,B,H,H,D,B,H,H,H,34,9,D9Mit4,24.0,51.875542,H,H,B,H,H,D,B,H,B,D,D,H,B,D,H,B,H,B,D,H,H,B,H,D,H,D,H,H,D,H,D,B,H,H,D,D,H,H,H,H,H,H,H,H,B,H,B,H,B,H,B,H,B,H,H,D,B,H,H,H,34
 , , , , , , ,9,D9Mit236,41.5,79.876594,H,D,H,B,H,D,B,H,B,D,D,H,B,D,H,H,H,U,D,U,H,B,H,D,H,D,B,U,D,H,H,B,D,D,H,H,B,H,H,H,H,H,H,B,B,D,U,H,B,H,D,U,H,U,H,D,B,H,H,H,35,9,D9Mit236,41.5,79.876594,H,D,H,B,H,D,B,H,B,D,D,H,B,D,H,H,H,U,D,U,H,B,H,D,H,D,B,U,D,H,H,B,D,D,H,H,B,H,H,H,H,H,H,B,B,D,U,H,B,H,D,U,H,U,H,D,B,H,H,H,35
 , , , , , , ,9,D9Mit243,60.1,113.225589,B,D,H,H,B,B,H,H,B,H,B,H,B,D,H,H,B,B,H,H,H,B,D,H,B,D,B,B,D,B,D,B,B,H,B,B,H,H,B,B,B,B,H,B,H,D,B,B,H,B,B,B,H,B,B,D,H,H,B,B,36,9,D9Mit243,60.1,113.225589,B,D,H,H,B,B,H,H,B,H,B,H,B,D,H,H,B,B,H,H,H,B,D,H,B,D,B,B,D,B,D,B,B,H,B,B,H,H,B,B,B,B,H,B,H,D,B,B,H,B,B,B,H,B,B,D,H,H,B,B,36
 , , , , , , ,10,D10Mit213,6.6,20.096854,D,H,D,H,H,H,H,H,H,B,U,H,B,H,H,B,B,B,H,D,H,D,H,H,H,H,H,B,B,H,H,B,H,H,H,U,U,H,H,D,H,D,H,H,B,H,D,H,H,H,H,B,H,H,B,H,D,H,H,H,37,10,D10Mit213,6.6,20.096854,D,H,D,H,H,H,H,H,H,B,U,H,B,H,H,B,B,B,H,D,H,D,H,H,H,H,H,B,B,H,H,B,H,H,H,U,U,H,H,D,H,D,H,H,B,H,D,H,H,H,H,B,H,H,B,H,D,H,H,H,37
 , , , , , , ,10,D10Mit20,25.1,66.407764,H,B,H,H,H,H,H,H,B,B,B,H,B,B,H,H,H,H,U,H,B,H,H,B,H,D,D,H,H,B,H,H,H,H,H,B,H,U,H,B,H,B,H,D,H,H,D,B,H,H,H,H,H,H,H,U,D,B,H,H,38,10,D10Mit20,25.1,66.407764,H,B,H,H,H,H,H,H,B,B,B,H,B,B,H,H,H,H,U,H,B,H,H,B,H,D,D,H,H,B,H,H,H,H,H,B,H,U,H,B,H,B,H,D,H,H,D,B,H,H,H,H,H,H,H,U,D,B,H,H,38
 , , , , , , ,10,D10Mit134,57.9,104.01583,B,D,H,D,H,H,B,H,D,B,B,H,B,D,H,H,H,U,D,H,B,H,H,D,H,D,H,H,H,D,H,B,H,H,U,D,H,H,H,H,D,D,H,D,H,H,D,D,D,H,H,B,H,U,H,H,D,D,B,H,39,10,D10Mit134,57.9,104.01583,B,D,H,D,H,H,B,H,D,B,B,H,B,D,H,H,H,U,D,H,B,H,H,D,H,D,H,H,H,D,H,B,H,H,U,D,H,H,H,H,D,D,H,D,H,H,D,D,D,H,H,B,H,U,H,H,D,D,B,H,39
 , , , , , , ,10,D10Mit297,75.4,124.450229,B,D,H,D,B,H,B,H,H,B,B,H,B,H,H,H,H,D,D,H,B,B,H,D,H,D,H,H,H,H,H,H,H,H,H,D,H,H,B,H,D,H,H,H,H,H,H,D,D,H,H,B,B,D,H,H,H,D,B,H,40,10,D10Mit297,75.4,124.450229,B,D,H,D,B,H,B,H,H,B,B,H,B,H,H,H,H,D,D,H,B,B,H,D,H,D,H,H,H,H,H,H,H,H,H,D,H,H,B,H,D,H,H,H,H,H,H,D,D,H,H,B,B,D,H,H,H,D,B,H,40
 , , , , , , ,11,D11Mit78,4.4,17.844333,H,D,D,B,D,D,B,H,H,H,H,D,B,H,B,H,H,D,H,D,H,D,B,H,D,H,D,H,H,D,D,H,B,D,H,H,B,H,B,B,B,H,H,H,H,B,H,B,D,B,D,B,B,H,H,H,H,H,B,B,41,11,D11Mit78,4.4,17.844333,H,D,D,B,D,D,B,H,H,H,H,D,B,H,B,H,H,D,H,D,H,D,B,H,D,H,D,H,H,D,D,H,B,D,H,H,B,H,B,B,B,H,H,H,H,B,H,B,D,B,D,B,B,H,H,H,H,H,B,B,41
 , , , , , , ,11,D11Mit278,37.2,69.103801,B,H,H,H,H,B,B,B,H,H,B,H,H,H,B,H,H,H,H,B,B,H,B,H,B,H,B,H,H,H,H,H,B,H,H,H,B,H,H,H,B,H,B,H,H,H,H,H,H,B,H,H,H,B,H,H,D,B,B,H,42,11,D11Mit278,37.2,69.103801,B,H,H,H,H,B,B,B,H,H,B,H,H,H,B,H,H,H,H,B,B,H,B,H,B,H,B,H,H,H,H,H,B,H,H,H,B,H,H,H,B,H,B,H,H,H,H,H,H,B,H,H,H,B,H,H,D,B,B,H,42
 , , , , , , ,11,D11Mit198,62.3,99.341541,B,H,D,H,D,B,B,B,H,D,H,D,D,H,B,B,H,H,D,B,B,D,B,H,B,H,B,H,B,B,H,B,B,H,U,H,H,D,D,H,B,H,U,B,H,H,H,H,H,H,H,D,H,B,H,D,B,B,H,H,43,11,D11Mit198,62.3,99.341541,B,H,D,H,D,B,B,B,H,D,H,D,D,H,B,B,H,H,D,B,B,D,B,H,B,H,B,H,B,B,H,B,B,H,U,H,H,D,D,H,B,H,U,B,H,H,H,H,H,H,H,D,H,B,H,D,B,B,H,H,43
 , , , , , , ,11,D11Mit338,78,115.277872,B,H,H,D,H,B,H,B,H,H,D,D,D,B,H,B,H,H,H,B,H,D,B,H,B,D,H,H,B,B,H,H,B,U,H,D,D,D,D,H,H,D,H,B,B,H,H,H,H,B,H,H,H,B,H,D,B,B,H,H,44,11,D11Mit338,78.0,115.277872,B,H,H,D,H,B,H,B,H,H,D,D,D,B,H,B,H,H,H,B,H,D,B,H,B,D,H,H,B,B,H,H,B,U,H,D,D,D,D,H,H,D,H,B,B,H,H,H,H,B,H,H,H,B,H,D,B,B,H,H,44
 , , , , , , ,12,D12Mit114,23,71.003832,H,H,H,D,H,B,H,H,B,H,B,H,D,H,H,H,H,H,H,D,H,D,H,H,D,H,D,H,H,H,B,B,B,B,H,B,B,U,H,B,H,H,D,D,B,D,H,B,B,H,H,H,B,D,B,B,B,B,D,H,45,12,D12Mit114,23.0,71.003832,H,H,H,D,H,B,H,H,B,H,B,H,D,H,H,H,H,H,H,D,H,D,H,H,D,H,D,H,H,H,B,B,B,B,H,B,B,U,H,B,H,H,D,D,B,D,H,B,B,H,H,H,B,D,B,B,B,B,D,H,45
 , , , , , , ,12,D12Mit239,39.3,89.082413,H,B,H,D,B,U,U,D,B,H,U,H,D,H,H,H,H,B,H,D,B,H,D,B,D,H,D,B,B,H,U,B,B,B,H,B,U,D,H,B,H,D,D,D,B,H,H,B,B,B,H,B,H,B,B,H,B,H,D,H,46,12,D12Mit239,39.3,89.082413,H,B,H,D,B,U,U,D,B,H,U,H,D,H,H,H,H,B,H,D,B,H,D,B,D,H,D,B,B,H,U,B,B,B,H,B,U,D,H,B,H,D,D,D,B,H,H,B,B,B,H,B,H,B,B,H,B,H,D,H,46
 , , , , , , ,12,D12Mit18,56.8,113.684506,H,B,B,H,H,B,H,D,B,H,H,D,D,D,H,H,H,H,H,D,B,H,D,B,D,B,H,B,B,H,B,H,B,B,H,H,B,H,H,B,H,D,H,D,H,H,H,B,U,B,H,U,H,U,B,D,H,H,D,H,47,12,D12Mit18,56.8,113.684506,H,B,B,H,H,B,H,D,B,H,H,D,D,D,H,H,H,H,H,D,B,H,D,B,D,B,H,B,B,H,B,H,B,B,H,H,B,H,H,B,H,D,H,D,H,H,H,B,U,B,H,U,H,U,B,D,H,H,D,H,47
 , , , , , , ,12,D12Mit19,56.8,113.731436,U,B,B,H,H,B,H,D,B,H,H,D,D,D,H,H,H,D,H,D,B,H,H,B,D,B,H,B,B,H,B,H,B,B,H,H,B,D,H,B,H,D,H,D,H,H,D,B,B,B,D,U,H,D,B,D,H,H,H,H,48,12,D12Mit19,56.8,113.731436,U,B,B,H,H,B,H,D,B,H,H,D,D,D,H,H,H,D,H,D,B,H,H,B,D,B,H,B,B,H,B,H,B,B,H,H,B,D,H,B,H,D,H,D,H,H,D,B,B,B,D,U,H,D,B,D,H,H,H,H,48
 , , , , , , ,13,D13Mit17,3.3,21.30073,D,B,H,H,D,D,H,B,B,D,H,H,H,H,H,H,B,B,B,H,D,D,H,H,B,B,D,B,H,B,H,B,H,B,H,B,H,H,H,H,H,H,B,H,B,D,H,B,H,H,H,D,H,H,D,B,H,D,D,D,49,13,D13Mit17,3.3,21.30073,D,B,H,H,D,D,H,B,B,D,H,H,H,H,H,H,B,B,B,H,D,D,H,H,B,B,D,B,H,B,H,B,H,B,H,B,H,H,H,H,H,H,B,H,B,D,H,B,H,H,H,D,H,H,D,B,H,D,D,D,49
 , , , , , , ,13,D13Mit253,24,64.009124,D,H,H,B,D,D,D,H,H,H,H,B,H,H,H,B,D,D,B,H,H,D,H,H,B,H,D,B,H,B,H,B,H,B,D,B,H,H,H,D,H,D,H,H,B,B,H,D,H,H,H,B,H,H,D,H,H,D,D,B,50,13,D13Mit253,24.0,64.009124,D,H,H,B,D,D,D,H,H,H,H,B,H,H,H,B,D,D,B,H,H,D,H,H,B,H,D,B,H,B,H,B,H,B,D,B,H,H,H,D,H,D,H,H,B,B,H,D,H,H,H,B,H,H,D,H,H,D,D,B,50
 , , , , , , ,13,D13Mit193,32,92.255294,D,H,B,B,H,D,D,H,H,H,H,B,H,H,H,B,D,D,B,H,H,D,H,H,B,H,H,B,H,B,H,B,H,B,H,H,D,H,H,D,H,D,H,H,B,B,H,D,H,B,H,B,H,H,D,H,H,D,H,B,51,13,D13Mit193,32.0,92.255294,D,H,B,B,H,D,D,H,H,H,H,B,H,H,H,B,D,D,B,H,H,D,H,H,B,H,H,B,H,B,H,B,H,B,H,H,D,H,H,D,H,D,H,H,B,B,H,D,H,B,H,B,H,H,D,H,H,D,H,B,51
 , , , , , , ,13,D13Mit107,48,96.694936,H,H,H,H,H,H,H,D,D,H,B,H,H,B,B,H,H,H,B,H,H,U,B,H,B,B,H,D,H,B,H,B,H,H,D,H,H,H,H,U,H,D,H,H,B,H,H,H,D,H,D,D,B,H,H,H,D,D,H,B,52,13,D13Mit107,48.0,96.694936,H,H,H,H,H,H,H,D,D,H,B,H,H,B,B,H,H,H,B,H,H,U,B,H,B,B,H,D,H,B,H,B,H,H,D,H,H,H,H,U,H,D,H,H,B,H,H,H,D,H,D,D,B,H,H,H,D,D,H,B,52
 , , , , , , ,14,D14Mit50,9.8,19.800933,D,H,H,H,H,B,B,D,B,H,H,D,H,H,B,D,H,B,H,H,B,D,D,D,H,D,B,D,H,H,D,H,D,H,H,B,H,U,D,D,D,B,H,B,H,B,H,H,H,D,H,H,D,D,D,D,D,B,D,H,53,14,D14Mit50,9.8,19.800933,D,H,H,H,H,B,B,D,B,H,H,D,H,H,B,D,H,B,H,H,B,D,D,D,H,D,B,D,H,H,D,H,D,H,H,B,H,U,D,D,D,B,H,B,H,B,H,H,H,D,H,H,D,D,D,D,D,B,D,H,53
 , , , , , , ,14,D14Mit234,31.7,58.598068,H,H,H,H,H,H,B,D,B,D,H,D,H,B,B,D,H,U,B,D,D,D,H,H,D,D,H,U,H,D,D,H,H,H,D,B,H,H,D,H,D,B,H,B,B,B,H,D,H,B,D,B,D,H,H,D,D,B,D,H,54,14,D14Mit234,31.7,58.598068,H,H,H,H,H,H,B,D,B,D,H,D,H,B,B,D,H,U,B,D,D,D,H,H,D,D,H,U,H,D,D,H,H,H,D,B,H,H,D,H,D,B,H,B,B,B,H,D,H,B,D,B,D,H,H,D,D,B,D,H,54
 , , , , , , ,14,D14Mit193,47,70.256699,H,H,B,H,H,H,H,D,B,D,H,D,H,B,B,D,H,D,B,D,D,D,B,H,D,D,H,H,H,D,D,B,H,H,D,B,H,D,D,H,H,B,H,H,B,B,H,D,H,B,D,H,D,H,U,D,D,B,D,U,55,14,D14Mit193,47.0,70.256699,H,H,B,H,H,H,H,D,B,D,H,D,H,B,B,D,H,D,B,D,D,D,B,H,D,D,H,H,H,D,D,B,H,H,D,B,H,D,D,H,H,B,H,H,B,B,H,D,H,B,D,H,D,H,U,D,D,B,D,U,55
 , , , , , , ,14,D14Mit95,54,108.855319,H,H,H,H,U,D,H,D,B,H,B,D,B,B,B,D,D,D,B,D,D,D,B,B,D,D,B,H,H,H,D,B,U,H,D,B,B,H,D,B,H,B,H,H,B,B,H,D,B,B,D,H,D,D,D,U,D,B,D,B,56,14,D14Mit95,54.0,108.855319,H,H,H,H,U,D,H,D,B,H,B,D,B,B,B,D,D,D,B,D,D,D,B,B,D,D,B,H,H,H,D,B,U,H,D,B,B,H,D,B,H,B,H,H,B,B,H,D,B,B,D,H,D,D,D,U,D,B,D,B,56
 , , , , , , ,15,D15Mit8,14.2,33.407808,H,H,B,B,H,H,D,U,H,B,D,B,B,H,B,D,D,H,B,D,H,B,D,D,H,H,D,U,D,D,H,H,H,B,H,B,B,B,H,B,B,H,H,H,B,H,H,B,D,D,H,B,B,B,H,H,H,H,H,H,57,15,D15Mit8,14.2,33.407808,H,H,B,B,H,H,D,U,H,B,D,B,B,H,B,D,D,H,B,D,H,B,D,D,H,H,D,U,D,D,H,H,H,B,H,B,B,B,H,B,B,H,H,H,B,H,H,B,D,D,H,B,B,B,H,H,H,H,H,H,57
 , , , , , , ,15,D15Mit2,35,80.106956,H,B,B,H,B,H,H,H,H,D,U,H,H,D,D,H,D,H,B,D,D,H,H,D,H,H,D,U,D,D,H,D,D,D,D,B,H,B,H,H,D,H,B,D,D,B,D,B,H,D,D,B,B,B,B,B,H,D,H,H,58,15,D15Mit2,35.0,80.106956,H,B,B,H,B,H,H,H,H,D,U,H,H,D,D,H,D,H,B,D,D,H,H,D,H,H,D,U,D,D,H,D,D,D,D,B,H,B,H,H,D,H,B,D,D,B,D,B,H,D,D,B,B,B,B,B,H,D,H,H,58
 , , , , , , ,15,D15Mit161,65,96.839092,D,B,B,H,B,H,H,H,H,D,D,H,H,D,D,H,H,H,B,D,D,H,H,H,H,D,D,H,D,D,U,D,H,D,D,H,D,B,H,H,D,B,B,D,D,H,D,H,H,D,D,B,B,B,B,H,B,D,H,H,59,15,D15Mit161,65.0,96.839092,D,B,B,H,B,H,H,H,H,D,D,H,H,D,D,H,H,H,B,D,D,H,H,H,H,D,D,H,D,D,U,D,H,D,D,H,D,B,H,H,D,B,B,D,D,H,D,H,H,D,D,B,B,B,B,H,B,D,H,H,59
 , , , , , , ,16,D16Mit88,9.8,13.162541,B,H,H,H,H,H,H,B,B,B,H,D,H,B,H,H,H,H,B,H,H,D,B,B,H,H,B,D,H,H,D,D,H,H,H,B,B,B,H,H,H,D,H,D,B,H,D,H,D,H,H,H,B,H,D,D,B,D,H,H,60,16,D16Mit88,9.8,13.162541,B,H,H,H,H,H,H,B,B,B,H,D,H,B,H,H,H,H,B,H,H,D,B,B,H,H,B,D,H,H,D,D,H,H,H,B,B,B,H,H,H,D,H,D,B,H,D,H,D,H,H,H,B,H,D,D,B,D,H,H,60
 , , , , , , ,16,D16Mit5,33,57.694582,H,U,D,H,H,H,B,B,B,B,B,B,B,H,H,B,H,U,B,D,D,B,H,B,H,B,B,D,H,H,D,D,H,H,D,B,B,B,B,H,H,H,H,D,B,B,D,H,D,H,U,H,D,H,H,H,B,D,H,H,61,16,D16Mit5,33.0,57.694582,H,U,D,H,H,H,B,B,B,B,B,B,B,H,H,B,H,U,B,D,D,B,H,B,H,B,B,D,H,H,D,D,H,H,D,B,B,B,B,H,H,H,H,D,B,B,D,H,D,H,U,H,D,H,H,H,B,D,H,H,61
 , , , , , , ,16,D16Mit106,51,97.985065,H,B,D,B,H,B,B,B,H,B,B,B,B,H,H,H,B,B,H,H,D,D,H,B,B,H,B,D,H,H,H,D,H,D,D,H,B,B,H,D,H,H,H,H,B,H,D,H,D,H,B,D,D,D,H,H,B,D,B,B,62,16,D16Mit106,51.0,97.985065,H,B,D,B,H,B,B,B,H,B,B,B,B,H,H,H,B,B,H,H,D,D,H,B,B,H,B,D,H,H,H,D,H,D,D,H,B,B,H,D,H,H,H,H,B,H,D,H,D,H,B,D,D,D,H,H,B,D,B,B,62
 , , , , , , ,17,D17Mit24,10.9,37.090216,B,D,H,H,B,B,H,H,B,H,H,H,H,H,H,H,H,H,D,H,D,B,H,B,H,B,H,H,B,H,B,H,D,B,B,H,D,H,B,B,H,B,H,D,D,H,H,H,H,B,H,H,H,H,D,B,H,H,H,H,63,17,D17Mit24,10.9,37.090216,B,D,H,H,B,B,H,H,B,H,H,H,H,H,H,H,H,H,D,H,D,B,H,B,H,B,H,H,B,H,B,H,D,B,B,H,D,H,B,B,H,B,H,D,D,H,H,H,H,B,H,H,H,H,D,B,H,H,H,H,63
 , , , , , , ,17,D17Mit49,33.7,44.77506,B,D,H,H,B,B,H,H,B,H,H,H,B,H,H,H,B,H,H,H,D,B,H,B,H,B,H,H,B,H,B,U,D,B,D,H,D,H,H,B,H,B,H,D,H,H,H,H,H,H,H,H,H,H,D,B,H,D,U,H,64,17,D17Mit49,33.7,44.77506,B,D,H,H,B,B,H,H,B,H,H,H,B,H,H,H,B,H,H,H,D,B,H,B,H,B,H,H,B,H,B,U,D,B,D,H,D,H,H,B,H,B,H,D,H,H,H,H,H,H,H,H,H,H,D,B,H,D,U,H,64
 , , , , , , ,17,D17Mit221,50.3,89.996029,U,B,B,H,B,H,D,H,H,D,H,H,B,H,D,D,H,H,U,H,B,B,B,B,H,U,B,H,H,H,B,H,D,H,H,H,H,D,H,H,H,D,D,D,U,U,H,U,H,H,H,H,U,B,H,H,H,H,U,U,65,17,D17Mit221,50.3,89.996029,U,B,B,H,B,H,D,H,H,D,H,H,B,H,D,D,H,H,U,H,B,B,B,B,H,U,B,H,H,H,B,H,D,H,H,H,H,D,H,H,H,D,D,D,U,U,H,U,H,H,H,H,U,B,H,H,H,H,U,U,65
 , , , , , , ,18,D18Mit55,16,53.283318,H,B,D,H,H,D,B,H,B,D,H,B,B,B,B,H,D,H,B,H,H,D,H,D,D,D,H,D,H,B,B,B,H,B,H,B,H,D,H,D,B,D,D,H,H,U,B,H,H,H,H,B,D,H,B,B,H,D,B,D,66,18,D18Mit55,16.0,53.283318,H,B,D,H,H,D,B,H,B,D,H,B,B,B,B,H,D,H,B,H,H,D,H,D,D,D,H,D,H,B,B,B,H,B,H,B,H,D,H,D,B,D,D,H,H,U,B,H,H,H,H,B,D,H,B,B,H,D,B,D,66
 , , , , , , ,18,D18Mit80,50,77.030938,H,H,D,H,H,D,U,D,B,D,H,H,B,B,B,H,H,H,H,B,B,H,H,D,D,D,B,D,H,H,B,B,H,B,H,B,H,H,H,D,B,D,D,H,H,B,B,H,B,H,H,B,H,D,B,H,H,D,B,D,67,18,D18Mit80,50.0,77.030938,H,H,D,H,H,D,U,D,B,D,H,H,B,B,B,H,H,H,H,B,B,H,H,D,D,D,B,D,H,H,B,B,H,B,H,B,H,H,H,D,B,D,D,H,H,B,B,H,B,H,H,B,H,D,B,H,H,D,B,D,67
 , , , , , , ,19,D19Mit16,15,20.412874,H,H,D,B,B,H,H,H,B,D,H,H,D,B,H,H,H,H,H,H,D,B,D,H,H,H,H,H,B,H,B,H,D,H,B,H,H,B,H,H,D,H,D,H,H,D,H,B,D,D,H,D,B,B,H,H,B,H,H,B,68,19,D19Mit16,15.0,20.412874,H,H,D,B,B,H,H,H,B,D,H,H,D,B,H,H,H,H,H,H,D,B,D,H,H,H,H,H,B,H,B,H,D,H,B,H,H,B,H,H,D,H,D,H,H,D,H,B,D,D,H,D,B,B,H,H,B,H,H,B,68
 , , , , , , ,19,D19Mit13,29.6,32.705019,H,D,D,B,B,H,B,H,B,H,D,H,D,H,H,H,H,H,H,H,H,B,B,H,H,H,H,H,B,H,B,H,H,H,B,H,H,H,H,H,D,D,D,H,B,D,H,H,D,D,H,D,B,B,H,B,H,D,B,H,69,19,D19Mit13,29.6,32.705019,H,D,D,B,B,H,B,H,B,H,D,H,D,H,H,H,H,H,H,H,H,B,B,H,H,H,H,H,B,H,B,H,H,H,B,H,H,H,H,H,D,D,D,H,B,D,H,H,D,D,H,D,B,B,H,B,H,D,B,H,69
 , , , , , , ,19,D19Mit46,30.1,33.001203,H,H,D,B,B,H,B,H,B,H,D,D,D,H,H,H,H,H,H,B,H,B,H,H,H,H,H,H,B,H,B,H,H,H,B,H,H,H,H,H,D,D,D,H,H,D,H,H,D,D,H,D,B,B,H,H,H,D,B,H,70,19,D19Mit46,30.1,33.001203,H,H,D,B,B,H,B,H,B,H,D,D,D,H,H,H,H,H,H,B,H,B,H,H,H,H,H,H,B,H,B,H,H,H,B,H,H,H,H,H,D,D,D,H,H,D,H,H,D,D,H,D,B,B,H,H,H,D,B,H,70
 , , , , , , ,19,D19Mit55,44,55.358264,H,D,H,B,H,D,H,D,B,H,D,H,D,H,B,H,D,B,B,H,B,H,B,H,B,H,H,U,H,H,H,D,H,H,B,H,H,H,B,H,H,D,D,H,D,D,H,H,H,H,H,B,B,H,H,H,H,D,H,D,71,19,D19Mit55,44.0,55.358264,H,D,H,B,H,D,H,D,B,H,D,H,D,H,B,H,D,B,B,H,B,H,B,H,B,H,H,U,H,H,H,D,H,H,B,H,H,H,B,H,H,D,D,H,D,D,H,H,H,H,H,B,B,H,H,H,H,D,H,D,71
 , , , , , , ,X,DXMit1,24,69.281163,D,H,H,B,B,D,B,B,D,B,B,D,D,D,D,H,H,D,H,B,D,B,B,B,D,H,H,D,D,B,B,H,H,H,D,D,D,B,B,H,D,D,B,B,H,B,B,B,H,H,H,D,B,D,U,B,H,B,U,D,72,X,DXMit1,24.0,69.281163,D,H,H,B,B,D,B,B,D,B,B,D,D,D,D,H,H,D,H,B,D,B,B,B,D,H,H,D,D,B,B,H,H,H,D,D,D,B,B,H,D,D,B,B,H,B,B,B,H,H,H,D,B,D,U,B,H,B,U,D,72
 , , , , , , ,X,DXMit173,40,125.727653,D,D,H,H,H,D,B,B,D,H,H,D,D,D,D,D,H,D,H,D,D,B,H,B,U,H,H,D,D,B,H,H,H,U,D,D,H,D,H,H,D,U,U,D,H,B,U,B,H,H,B,B,B,B,D,B,B,H,D,D,73,X,DXMit173,40.0,125.727653,D,D,H,H,H,D,B,B,D,H,H,D,D,D,D,D,H,D,H,D,D,B,H,B,U,H,H,D,D,B,H,H,H,U,D,D,H,D,H,H,D,U,U,D,H,B,U,B,H,H,B,B,B,B,D,B,B,H,D,D,73
 , , , , , , ,X,DXMit186,58,160.710266,H,D,D,B,B,B,B,B,D,D,B,H,D,D,D,D,H,D,H,D,B,D,B,B,D,H,H,D,D,B,B,H,B,B,D,B,B,D,H,H,B,D,B,D,B,B,H,B,H,H,B,B,B,D,D,B,B,H,D,B,74,X,DXMit186,58.0,160.710266,H,D,D,B,B,B,B,B,D,D,B,H,D,D,D,D,H,D,H,D,B,D,B,B,D,H,H,D,D,B,B,H,B,B,D,B,B,D,H,H,B,D,B,D,B,B,H,B,H,H,B,B,B,D,D,B,B,H,D,B,74
