Wrong mb,mb Changed,Moved before,Wrong chr,old 2cross,new 2cross,two fragments,old Chr,name,old CM,old Mb,,,,,,,,,,,,,,,,,,,,,,,,,,,,,,,,,,,,,,,,,,,,,,,,,,,,,,,,,old order,new Chr,name,new CM,new Mb,,,,,,,,,,,,,,,,,,,,,,,,,,,,,,,,,,,,,,,,,,,,,,,,,,,,,,,,,new order
 , , , , , , ,1,D1Mit118,8.3,3.959096,B,H,H,H,H,H,B,B,H,B,B,H,H,B,D,D,H,H,H,H,B,B,B,D,H,H,D,D,H,H,H,H,H,B,H,B,D,B,B,B,H,B,H,H,D,D,D,H,B,D,B,H,H,H,H,H,0,1,D1Mit118,8.3,3.959096,B,H,H,H,H,H,B,B,H,B,B,H,H,B,D,D,H,H,H,H,B,B,B,D,H,H,D,D,H,H,H,H,H,B,H,B,D,B,B,B,H,B,H,H,D,D,D,H,B,D,B,H,H,H,H,H,0
 , , , , , , ,1,D1Mit430,10,14.266488,B,H,H,H,H,H,B,B,H,B,H,H,H,B,D,D,H,H,H,H,B,B,B,D,H,H,D,D,H,H,H,H,D,B,H,B,D,H,B,H,H,H,B,H,D,D,D,H,B,D,B,H,H,H,H,H,1,1,D1Mit430,10.0,14.266488,B,H,H,H,H,H,B,B,H,B,H,H,H,B,D,D,H,H,H,H,B,B,B,D,H,H,D,D,H,H,H,H,D,B,H,B,D,H,B,H,H,H,B,H,D,D,D,H,B,D,B,H,H,H,H,H,1
 , , , , , , ,1,D1Mit373,17,26.423026,B,H,H,D,H,H,B,B,H,B,H,H,H,H,D,D,H,H,H,H,B,B,H,D,H,D,H,D,H,H,H,H,D,H,H,H,D,H,B,H,H,H,B,H,D,D,D,H,B,D,B,H,H,H,H,H,2,1,D1Mit373,17.0,26.423026,B,H,H,D,H,H,B,B,H,B,H,H,H,H,D,D,H,H,H,H,B,B,H,D,H,D,H,D,H,H,H,H,D,H,H,H,D,H,B,H,H,H,B,H,D,D,D,H,B,D,B,H,H,H,H,H,2
 , , , , , , ,1,D1Mit171,20.2,36.688367,B,H,H,D,H,D,H,H,H,B,H,H,H,H,D,D,B,H,H,H,B,B,H,D,H,D,H,D,D,H,H,H,D,H,H,H,D,H,B,H,H,H,B,H,D,D,D,H,B,D,B,H,H,H,H,H,3,1,D1Mit171,20.2,36.688367,B,H,H,D,H,D,H,H,H,B,H,H,H,H,D,D,B,H,H,H,B,B,H,D,H,D,H,D,D,H,H,H,D,H,H,H,D,H,B,H,H,H,B,H,D,D,D,H,B,D,B,H,H,H,H,H,3
 , , , , , , ,1,D1Mit236,25.7,45.323158,B,H,H,D,H,D,H,H,D,B,H,B,H,H,D,D,B,H,H,H,B,H,H,D,H,D,H,D,D,H,H,H,D,H,H,H,H,H,H,H,H,H,H,H,D,D,D,H,B,B,B,H,H,H,H,H,4,1,D1Mit236,25.7,45.323158,B,H,H,D,H,D,H,H,D,B,H,B,H,H,D,D,B,H,H,H,B,H,H,D,H,D,H,D,D,H,H,H,D,H,H,H,H,H,H,H,H,H,H,H,D,D,D,H,B,B,B,H,H,H,H,H,4
 , , , , , , ,1,D1Mit214,32.1,58.17851,B,D,H,D,D,H,H,H,D,B,H,B,H,H,H,D,B,H,H,H,B,H,H,D,H,D,H,D,D,H,H,H,D,H,H,H,H,H,H,H,H,H,H,H,D,D,D,H,B,B,H,H,H,H,H,H,5,1,D1Mit214,32.1,58.17851,B,D,H,D,D,H,H,H,D,B,H,B,H,H,H,D,B,H,H,H,B,H,H,D,H,D,H,D,D,H,H,H,D,H,H,H,H,H,H,H,H,H,H,H,D,D,D,H,B,B,H,H,H,H,H,H,5
 , , , , , , ,1,D1Mit300,32.8,63.815118,B,D,H,D,D,H,H,H,D,B,H,B,H,H,H,D,B,H,H,H,B,H,B,D,H,D,H,D,D,H,H,H,D,H,H,H,H,H,H,H,H,H,H,H,D,D,D,H,B,B,H,H,H,H,H,H,6,1,D1Mit300,32.8,63.815118,B,D,H,D,D,H,H,H,D,B,H,B,H,H,H,D,B,H,H,H,B,H,B,D,H,D,H,D,D,H,H,H,D,H,H,H,H,H,H,H,H,H,H,H,D,D,D,H,B,B,H,H,H,H,H,H,6
 , , , , , , ,1,D1Mit282,36.7,73.160261,B,D,H,D,D,H,H,H,D,B,H,B,H,H,H,D,B,H,H,H,B,H,H,D,H,D,H,D,D,H,H,H,D,H,D,H,H,H,H,H,H,H,H,H,H,D,D,H,B,B,H,H,D,H,H,H,7,1,D1Mit282,36.7,73.160261,B,D,H,D,D,H,H,H,D,B,H,B,H,H,H,D,B,H,H,H,B,H,H,D,H,D,H,D,D,H,H,H,D,H,D,H,H,H,H,H,H,H,H,H,H,D,D,H,B,B,H,H,D,H,H,H,7
 , , , , , , ,1,D1Mit80,53,88.209098,B,D,H,H,D,H,H,H,D,H,D,B,H,H,H,D,B,B,H,H,B,H,H,D,H,D,B,D,H,H,H,B,D,H,D,H,H,D,H,H,H,H,H,H,H,D,D,H,H,B,H,H,D,H,H,H,8,1,D1Mit80,53.0,88.209098,B,D,H,H,D,H,H,H,D,H,D,B,H,H,H,D,B,B,H,H,B,H,H,D,H,D,B,D,H,H,H,B,D,H,D,H,H,D,H,H,H,H,H,H,H,D,D,H,H,B,H,H,D,H,H,H,8
 , , , , , , ,1,D1Mit48,54,90.39941,B,D,H,H,D,H,H,H,D,H,D,B,H,H,H,D,B,B,H,H,B,H,H,D,H,D,B,D,H,H,H,B,D,H,D,H,H,D,H,H,H,H,H,H,H,D,D,H,H,B,H,H,D,H,H,H,9,1,D1Mit48,54.0,90.39941,B,D,H,H,D,H,H,H,D,H,D,B,H,H,H,D,B,B,H,H,B,H,H,D,H,D,B,D,H,H,H,B,D,H,D,H,H,D,H,H,H,H,H,H,H,D,D,H,H,B,H,H,D,H,H,H,9
 , , , , , , ,1,D1Mit45,58.5,94.843592,H,D,H,H,H,H,H,H,D,H,D,B,H,H,H,D,B,B,H,H,B,H,H,D,H,D,B,D,B,H,H,B,D,H,D,H,H,D,H,H,H,H,H,H,H,D,D,H,H,B,H,H,D,H,H,H,10,1,D1Mit45,58.5,94.843592,H,D,H,H,H,H,H,H,D,H,D,B,H,H,H,D,B,B,H,H,B,H,H,D,H,D,B,D,B,H,H,B,D,H,D,H,H,D,H,H,H,H,H,H,H,D,D,H,H,B,H,H,D,H,H,H,10
 , , , , , , ,1,D1Mit135,61,107.137132,H,D,H,H,H,H,H,H,D,H,D,B,H,H,H,D,B,B,H,H,B,H,H,D,H,D,B,D,B,H,H,B,D,H,D,H,B,D,H,H,H,H,H,H,H,D,D,H,H,B,H,B,D,H,H,H,11,1,D1Mit135,61.0,107.137132,H,D,H,H,H,H,H,H,D,H,D,B,H,H,H,D,B,B,H,H,B,H,H,D,H,D,B,D,B,H,H,B,D,H,D,H,B,D,H,H,H,H,H,H,H,D,D,H,H,B,H,B,D,H,H,H,11
 , , , , , , ,1,D1Mit387,62,117.160182,H,D,H,H,H,H,H,H,D,H,D,B,H,H,H,D,B,B,H,H,B,H,H,D,H,H,B,D,B,H,H,B,D,H,D,H,B,D,H,H,H,H,H,H,H,D,D,H,H,B,H,B,D,H,H,H,12,1,D1Mit387,62.0,117.160182,H,D,H,H,H,H,H,H,D,H,D,B,H,H,H,D,B,B,H,H,B,H,H,D,H,H,B,D,B,H,H,B,D,H,D,H,B,D,H,H,H,H,H,H,H,D,D,H,H,B,H,B,D,H,H,H,12
 , , , , , , ,1,D1Mit91,64,128.286178,H,D,H,H,H,H,H,H,D,H,D,B,H,H,B,D,B,B,H,H,B,H,H,D,H,H,B,D,B,H,H,B,D,H,D,H,B,D,H,H,H,H,H,H,H,D,H,H,H,B,H,B,D,H,H,H,13,1,D1Mit91,64.0,128.286178,H,D,H,H,H,H,H,H,D,H,D,B,H,H,B,D,B,B,H,H,B,H,H,D,H,H,B,D,B,H,H,B,D,H,D,H,B,D,H,H,H,H,H,H,H,D,H,H,H,B,H,B,D,H,H,H,13
 , , , , , , ,1,D1Mit103,73,137.802089,H,D,H,H,H,H,H,H,H,H,D,B,H,H,B,D,B,B,H,H,B,H,H,D,H,H,B,D,B,D,H,B,D,H,D,H,B,D,H,H,H,H,H,H,H,D,H,H,H,B,H,B,D,H,H,H,14,1,D1Mit103,73.0,137.802089,H,D,H,H,H,H,H,H,H,H,D,B,H,H,B,D,B,B,H,H,B,H,H,D,H,H,B,D,B,D,H,B,D,H,D,H,B,D,H,H,H,H,H,H,H,D,H,H,H,B,H,B,D,H,H,H,14
 , , , , , , ,1,D1Mit265,74.3,150.601951,H,D,H,H,H,H,H,H,H,D,D,B,H,H,B,D,B,B,H,H,B,H,D,D,B,H,B,H,B,D,H,B,D,H,D,H,B,D,H,H,H,H,H,H,H,D,H,H,H,B,H,B,D,H,H,H,15,1,D1Mit265,74.3,150.601951,H,D,H,H,H,H,H,H,H,D,D,B,H,H,B,D,B,B,H,H,B,H,D,D,B,H,B,H,B,D,H,B,D,H,D,H,B,D,H,H,H,H,H,H,H,D,H,H,H,B,H,B,D,H,H,H,15
 , , , , , , ,1,D1Mit14,74.5,158.611143,H,D,H,H,H,H,H,H,H,D,D,B,H,H,B,D,B,B,D,H,B,H,D,D,B,H,B,B,B,D,H,B,D,H,D,H,B,D,H,H,H,H,H,H,H,D,H,H,H,B,H,B,D,H,H,H,16,1,D1Mit14,74.5,158.611143,H,D,H,H,H,H,H,H,H,D,D,B,H,H,B,D,B,B,D,H,B,H,D,D,B,H,B,B,B,D,H,B,D,H,D,H,B,D,H,H,H,H,H,H,H,D,H,H,H,B,H,B,D,H,H,H,16
 , , , , , , ,1,D1Mit57,87.8,168.540671,H,D,H,H,H,H,H,H,H,D,D,B,H,H,B,D,B,B,D,H,H,H,D,D,B,H,B,B,B,D,H,H,D,H,D,H,B,D,H,H,H,H,H,H,H,D,H,H,H,B,H,B,D,H,H,H,17,1,D1Mit57,87.8,168.540671,H,D,H,H,H,H,H,H,H,D,D,B,H,H,B,D,B,B,D,H,H,H,D,D,B,H,B,B,B,D,H,H,D,H,D,H,B,D,H,H,H,H,H,H,H,D,H,H,H,B,H,B,D,H,H,H,17
 , , , , , , ,1,D1Mit113,93.2,173.641154,H,D,H,H,B,H,H,H,H,D,D,B,H,H,B,H,B,B,D,H,H,H,D,D,B,B,B,B,H,D,H,D,D,H,H,H,B,D,B,H,H,H,H,H,H,D,H,H,H,B,H,B,D,H,H,H,18,1,D1Mit113,93.2,173.641154,H,D,H,H,B,H,H,H,H,D,D,B,H,H,B,H,B,B,D,H,H,H,D,D,B,B,B,B,H,D,H,D,D,H,H,H,B,D,B,H,H,H,H,H,H,D,H,H,H,B,H,B,D,H,H,H,18
 , , , , , , ,1,D1Mit206,95.8,174.840872,H,D,H,H,B,D,H,H,H,D,D,B,H,H,B,H,B,B,D,H,H,H,D,D,B,B,B,B,H,D,H,D,D,H,H,H,B,D,B,H,H,H,H,H,H,D,H,H,H,B,H,B,D,H,H,H,19,1,D1Mit206,95.8,174.840872,H,D,H,H,B,D,H,H,H,D,D,B,H,H,B,H,B,B,D,H,H,H,D,D,B,B,B,B,H,D,H,D,D,H,H,H,B,D,B,H,H,H,H,H,H,D,H,H,H,B,H,B,D,H,H,H,19
 , , , , , , ,1,D1Mit426,101,182.248295,H,D,H,H,B,D,H,D,H,D,D,B,H,H,B,H,B,B,H,H,H,H,D,D,B,B,B,B,H,D,H,D,H,H,H,H,B,D,B,D,H,D,H,H,H,D,H,H,D,B,H,B,D,H,H,H,20,1,D1Mit426,101.0,182.248295,H,D,H,H,B,D,H,D,H,D,D,B,H,H,B,H,B,B,H,H,H,H,D,D,B,B,B,B,H,D,H,D,H,H,H,H,B,D,B,D,H,D,H,H,H,D,H,H,D,B,H,B,D,H,H,H,20
 , , , , , , ,1,D1Mit155,112,196.129692,H,D,B,H,B,D,H,D,H,D,H,D,H,H,B,B,H,B,H,H,H,H,D,D,B,B,B,B,H,D,H,D,H,D,H,H,H,D,B,D,H,H,H,D,H,H,H,H,D,B,H,H,D,B,B,H,21,1,D1Mit155,112.0,196.129692,H,D,B,H,B,D,H,D,H,D,H,D,H,H,B,B,H,B,H,H,H,H,D,D,B,B,B,B,H,D,H,D,H,D,H,H,H,D,B,D,H,H,H,D,H,H,H,H,D,B,H,H,D,B,B,H,21
 , , , , , , ,2,D2Mit1,1,3.80336,B,D,H,H,B,H,B,H,B,H,H,H,D,H,B,H,H,B,B,H,H,H,D,H,H,H,D,B,H,B,H,H,D,H,H,H,B,B,D,H,H,H,H,H,D,B,H,D,D,D,H,B,D,H,H,B,22,2,D2Mit1,1.0,3.80336,B,D,H,H,B,H,B,H,B,H,H,H,D,H,B,H,H,B,B,H,H,H,D,H,H,H,D,B,H,B,H,H,D,H,H,H,B,B,D,H,H,H,H,H,D,B,H,D,D,D,H,B,D,H,H,B,22
 , , , , , , ,2,D2Mit464,10.9,18.513463,B,D,H,H,B,H,H,H,B,H,B,H,D,H,H,H,B,B,B,H,H,H,D,H,H,H,D,B,H,B,H,H,D,D,H,H,B,B,D,D,D,H,H,H,D,H,H,H,D,H,H,B,D,H,H,H,23,2,D2Mit464,10.9,18.513463,B,D,H,H,B,H,H,H,B,H,B,H,D,H,H,H,B,B,B,H,H,H,D,H,H,H,D,B,H,B,H,H,D,D,H,H,B,B,D,D,D,H,H,H,D,H,H,H,D,H,H,B,D,H,H,H,23
 , , , , , , ,2,D2Mit6,12,20.81072,B,D,H,H,B,H,H,H,B,H,B,H,D,H,H,H,B,B,B,H,H,H,D,H,H,H,D,B,H,B,H,H,D,D,H,H,B,B,D,D,D,H,H,H,D,H,H,H,D,H,H,B,D,H,H,H,24,2,D2Mit6,12.0,20.81072,B,D,H,H,B,H,H,H,B,H,B,H,D,H,H,H,B,B,B,H,H,H,D,H,H,H,D,B,H,B,H,H,D,D,H,H,B,B,D,D,D,H,H,H,D,H,H,H,D,H,H,B,D,H,H,H,24
 , , , , , , ,2,D2Mit80,12,20.924358,B,D,H,H,B,H,H,H,B,H,B,H,D,H,H,H,B,B,B,H,H,H,D,H,H,H,D,B,H,B,H,H,D,D,H,H,B,B,D,D,D,H,H,H,D,H,H,H,D,H,H,B,D,H,H,H,25,2,D2Mit80,12.0,20.924358,B,D,H,H,B,H,H,H,B,H,B,H,D,H,H,H,B,B,B,H,H,H,D,H,H,H,D,B,H,B,H,H,D,D,H,H,B,B,D,D,D,H,H,H,D,H,H,H,D,H,H,B,D,H,H,H,25
 , , , , , , ,2,D2Mit235,22.5,32.720468,B,D,H,D,B,H,H,D,B,H,B,D,D,D,H,H,B,B,B,H,H,H,D,H,H,D,D,B,H,B,H,H,D,D,H,H,B,B,D,D,D,H,H,H,D,H,H,H,D,H,H,B,D,H,H,D,26,2,D2Mit235,22.5,32.720468,B,D,H,D,B,H,H,D,B,H,B,D,D,D,H,H,B,B,B,H,H,H,D,H,H,D,D,B,H,B,H,H,D,D,H,H,B,B,D,D,D,H,H,H,D,H,H,H,D,H,H,B,D,H,H,D,26
 , , , , , , ,2,D2Mit238,28,33.943058,B,D,H,D,B,H,H,D,B,H,B,D,D,D,H,H,B,B,B,H,H,H,D,H,H,D,D,B,H,B,H,H,D,D,H,H,B,B,D,D,D,H,H,H,D,H,H,H,D,H,H,B,D,H,H,D,27,2,D2Mit238,28.0,33.943058,B,D,H,D,B,H,H,D,B,H,B,D,D,D,H,H,B,B,B,H,H,H,D,H,H,D,D,B,H,B,H,H,D,D,H,H,B,B,D,D,D,H,H,H,D,H,H,H,D,H,H,B,D,H,H,D,27
 , , , , , , ,2,D2Mit237,30,40.817489,B,D,H,D,B,H,H,D,B,H,B,D,H,D,D,H,B,B,B,H,H,H,D,H,H,D,D,B,H,B,H,H,D,D,H,H,B,B,D,D,D,H,H,H,D,H,H,H,D,H,H,B,D,H,H,D,28,2,D2Mit237,30.0,40.817489,B,D,H,D,B,H,H,D,B,H,B,D,H,D,D,H,B,B,B,H,H,H,D,H,H,D,D,B,H,B,H,H,D,D,H,H,B,B,D,D,D,H,H,H,D,H,H,H,D,H,H,B,D,H,H,D,28
 , , , , , , ,2,D2Mit458,31.7,50.676163,B,D,H,D,B,H,H,D,H,H,B,D,H,D,D,H,B,B,B,H,H,H,D,D,H,D,D,B,H,B,H,H,D,D,H,H,B,B,D,D,D,H,H,H,D,D,D,B,D,H,H,B,D,H,H,D,29,2,D2Mit458,31.7,50.676163,B,D,H,D,B,H,H,D,H,H,B,D,H,D,D,H,B,B,B,H,H,H,D,D,H,D,D,B,H,B,H,H,D,D,H,H,B,B,D,D,D,H,H,H,D,D,D,B,D,H,H,B,D,H,H,D,29
 , , , , , , ,2,D2Mit61,36,60.491106,B,D,H,D,B,H,H,H,H,H,B,D,H,D,D,B,B,B,B,D,H,H,H,D,H,D,H,B,H,H,H,H,D,D,H,H,B,H,D,D,D,H,H,B,D,D,D,B,D,B,B,B,D,B,H,D,30,2,D2Mit61,36.0,60.491106,B,D,H,D,B,H,H,H,H,H,B,D,H,D,D,B,B,B,B,D,H,H,H,D,H,D,H,B,H,H,H,H,D,D,H,H,B,H,D,D,D,H,H,B,D,D,D,B,D,B,B,B,D,B,H,D,30
 , , , , , , ,2,D2MIt37,45,74.494611,B,D,H,D,B,H,H,H,D,H,B,D,H,D,D,D,H,B,H,D,H,H,B,D,H,H,B,B,H,H,H,H,H,D,H,B,B,H,D,H,H,H,H,B,D,D,D,B,D,B,B,B,D,B,H,H,31,2,D2MIt37,45.0,74.494611,B,D,H,D,B,H,H,H,D,H,B,D,H,D,D,D,H,B,H,D,H,H,B,D,H,H,B,B,H,H,H,H,H,D,H,B,B,H,D,H,H,H,H,B,D,D,D,B,D,B,B,B,D,B,H,H,31
 , , , , , , ,2,D2Mit66,47.5,84.618381,H,D,H,D,B,H,D,H,D,H,B,H,H,D,D,D,H,B,H,D,H,H,B,D,H,H,B,B,H,H,H,H,B,D,H,B,H,H,D,H,H,H,H,B,D,D,D,B,D,B,B,B,D,H,H,H,32,2,D2Mit66,47.5,84.618381,H,D,H,D,B,H,D,H,D,H,B,H,H,D,D,D,H,B,H,D,H,H,B,D,H,H,B,B,H,H,H,H,B,D,H,B,H,H,D,H,H,H,H,B,D,D,D,B,D,B,B,B,D,H,H,H,32
 , , , , , , ,2,D2Mit45,53,91.743879,H,D,H,D,B,H,D,H,D,H,B,H,H,H,D,H,H,B,H,D,H,H,B,D,H,H,B,B,H,H,D,H,B,D,H,B,H,H,D,H,H,H,H,B,D,D,D,B,D,B,B,B,D,H,H,H,33,2,D2Mit45,53.0,91.743879,H,D,H,D,B,H,D,H,D,H,B,H,H,H,D,H,H,B,H,D,H,H,B,D,H,H,B,B,H,H,D,H,B,D,H,B,H,H,D,H,H,H,H,B,D,D,D,B,D,B,B,B,D,H,H,H,33
 , , , , , , ,2,D2Mit12,53,102.90216,H,D,H,D,B,H,D,H,D,D,H,H,H,H,D,H,H,B,H,D,H,H,B,D,H,H,B,B,H,H,D,H,B,D,H,B,H,H,D,B,H,H,B,B,D,D,D,B,D,B,B,B,D,H,H,H,34,2,D2Mit12,53.0,102.90216,H,D,H,D,B,H,D,H,D,D,H,H,H,H,D,H,H,B,H,D,H,H,B,D,H,H,B,B,H,H,D,H,B,D,H,B,H,H,D,B,H,H,B,B,D,D,D,B,D,B,B,B,D,H,H,H,34
 , , , , , , ,2,D2Mit58,53.4,108.060467,H,D,H,D,B,H,D,H,D,D,H,H,H,H,D,H,H,B,H,D,D,H,B,D,H,H,B,B,H,H,D,H,B,D,H,B,H,H,D,B,H,H,B,B,D,D,D,B,D,B,B,B,D,H,H,H,35,2,D2Mit58,53.4,108.060467,H,D,H,D,B,H,D,H,D,D,H,H,H,H,D,H,H,B,H,D,D,H,B,D,H,H,B,B,H,H,D,H,B,D,H,B,H,H,D,B,H,H,B,B,D,D,D,B,D,B,B,B,D,H,H,H,35
 , , , , , , ,2,D2Mit484,55,118.26487,H,D,H,D,B,H,D,H,D,D,H,H,H,H,D,H,H,B,H,D,D,B,B,D,B,H,B,B,H,D,D,H,B,D,H,B,H,H,H,B,H,H,B,B,D,D,D,B,H,B,B,H,D,H,D,H,36,2,D2Mit484,55.0,118.26487,H,D,H,D,B,H,D,H,D,D,H,H,H,H,D,H,H,B,H,D,D,B,B,D,B,H,B,B,H,D,D,H,B,D,H,B,H,H,H,B,H,H,B,B,D,D,D,B,H,B,B,H,D,H,D,H,36
 , , , , , , ,2,D2Mit164,69.5,123.081493,H,D,H,D,B,H,D,H,D,D,H,H,H,H,D,H,H,B,H,D,D,B,B,D,B,H,B,B,H,D,D,H,B,D,H,B,H,H,H,B,H,H,B,B,D,D,D,B,H,B,B,H,D,H,D,H,37,2,D2Mit164,69.5,123.081493,H,D,H,D,B,H,D,H,D,D,H,H,H,H,D,H,H,B,H,D,D,B,B,D,B,H,B,B,H,D,D,H,B,D,H,B,H,H,H,B,H,H,B,B,D,D,D,B,H,B,B,H,D,H,D,H,37
 , , , , , , ,2,D2Mit223,71,134.678851,H,D,H,H,B,B,D,H,D,D,H,H,H,H,D,H,H,B,H,D,D,B,B,D,H,H,B,B,H,D,D,H,B,H,H,B,H,H,H,B,H,D,B,B,D,D,D,B,H,B,B,H,D,H,H,B,38,2,D2Mit223,71.0,134.678851,H,D,H,H,B,B,D,H,D,D,H,H,H,H,D,H,H,B,H,D,D,B,B,D,H,H,B,B,H,D,D,H,B,H,H,B,H,H,H,B,H,D,B,B,D,D,D,B,H,B,B,H,D,H,H,B,38
 , , , , , , ,2,D2Mit403,72,144.365381,H,D,H,H,B,B,D,H,D,H,H,H,H,H,D,H,H,B,H,D,D,B,B,D,H,H,B,B,H,D,D,H,B,H,H,B,H,H,H,B,H,D,B,B,D,D,D,B,B,B,B,H,D,H,H,H,39,2,D2Mit403,72.0,144.365381,H,D,H,H,B,B,D,H,D,H,H,H,H,H,D,H,H,B,H,D,D,B,B,D,H,H,B,B,H,D,D,H,B,H,H,B,H,H,H,B,H,D,B,B,D,D,D,B,B,B,B,H,D,H,H,H,39
 , , , , , , ,2,D2Mit286,74,154.204049,H,H,H,B,B,B,H,H,D,H,H,H,H,H,D,H,H,B,H,D,D,B,B,D,H,H,B,B,H,D,D,H,B,H,H,B,H,H,H,B,H,D,B,B,D,D,D,B,B,B,B,H,D,H,H,H,40,2,D2Mit286,74.0,154.204049,H,H,H,B,B,B,H,H,D,H,H,H,H,H,D,H,H,B,H,D,D,B,B,D,H,H,B,B,H,D,D,H,B,H,H,B,H,H,H,B,H,D,B,B,D,D,D,B,B,B,B,H,D,H,H,H,40
 , , , , , , ,2,D2Mit50,80,162.368295,H,H,H,B,B,B,H,H,D,H,H,H,H,H,D,H,H,B,H,D,D,B,B,D,H,H,B,B,H,D,D,D,B,B,H,B,D,H,B,B,H,H,B,B,D,D,D,B,B,H,H,H,H,H,H,B,41,2,D2Mit50,80.0,162.368295,H,H,H,B,B,B,H,H,D,H,H,H,H,H,D,H,H,B,H,D,D,B,B,D,H,H,B,B,H,D,D,D,B,B,H,B,D,H,B,B,H,H,B,B,D,D,D,B,B,H,H,H,H,H,H,B,41
 , , , , , , ,2,D2Mit311,83.1,165.514177,H,H,H,B,B,B,H,H,D,H,H,H,H,H,D,H,H,B,H,D,D,B,B,D,H,H,B,B,H,D,H,D,B,H,H,B,D,H,B,B,D,D,B,B,D,D,D,B,B,D,H,H,H,H,H,B,42,2,D2Mit311,83.1,165.514177,H,H,H,B,B,B,H,H,D,H,H,H,H,H,D,H,H,B,H,D,D,B,B,D,H,H,B,B,H,D,H,D,B,H,H,B,D,H,B,B,D,D,B,B,D,D,D,B,B,D,H,H,H,H,H,B,42
 , , , , , , ,2,D2Mit148,105,178.729952,H,H,B,B,B,B,H,B,H,H,H,B,H,H,D,H,H,H,H,D,H,B,B,D,H,D,H,B,H,D,H,D,H,H,H,B,H,H,B,H,D,D,H,B,D,D,H,B,B,D,H,H,H,H,H,B,43,2,D2Mit148,105.0,178.729952,H,H,B,B,B,B,H,B,H,H,H,B,H,H,D,H,H,H,H,D,H,B,B,D,H,D,H,B,H,D,H,D,H,H,H,B,H,H,B,H,D,D,H,B,D,D,H,B,B,D,H,H,H,H,H,B,43
 , , , , , , ,3,D3Mit221,2.4,7.874565,H,H,H,H,B,D,H,H,B,D,H,D,H,H,H,D,H,D,D,H,D,H,B,B,H,H,H,B,H,B,H,H,H,D,H,B,H,H,H,D,H,D,B,B,B,H,D,H,B,H,B,B,H,H,D,H,44,3,D3Mit221,2.4,7.874565,H,H,H,H,B,D,H,H,B,D,H,D,H,H,H,D,H,D,D,H,D,H,B,B,H,H,H,B,H,B,H,H,H,D,H,B,H,H,H,D,H,D,B,B,B,H,D,H,B,H,B,B,H,H,D,H,44
 , , , , , , ,4,D3Mit54,4.6,134.846319,H,H,H,D,B,D,H,H,B,D,H,D,H,H,H,D,H,H,D,H,D,H,B,B,H,H,H,B,H,B,H,H,H,D,B,B,H,B,H,D,H,D,B,B,B,H,D,H,B,H,B,H,H,H,D,H,45,3,D3Mit62,4.6,17.759573,D,H,H,D,B,D,H,H,B,D,H,D,H,H,H,D,H,H,D,H,D,H,B,B,H,H,H,B,H,B,H,H,H,D,B,B,H,B,H,D,H,D,B,B,B,H,D,B,B,H,B,H,H,H,H,H,46
 , , ,CH, , , ,3,D3Mit62,4.6,17.759573,D,H,H,D,B,D,H,H,B,D,H,D,H,H,H,D,H,H,D,H,D,H,B,B,H,H,H,B,H,B,H,H,H,D,B,B,H,B,H,D,H,D,B,B,B,H,D,B,B,H,B,H,H,H,H,H,46,3,D3Mit305,11.2,27.390029,D,H,H,D,B,H,H,H,B,D,B,D,H,H,H,D,H,H,D,H,D,H,B,B,H,H,H,B,H,B,H,H,H,D,H,B,H,B,H,D,H,D,B,B,B,H,D,B,H,H,B,H,H,H,H,H,47
 , , , , , , ,3,D3Mit305,11.2,27.390029,D,H,H,D,B,H,H,H,B,D,B,D,H,H,H,D,H,H,D,H,D,H,B,B,H,H,H,B,H,B,H,H,H,D,H,B,H,B,H,D,H,D,B,B,B,H,D,B,H,H,B,H,H,H,H,H,47,3,D3Mit151,18.5,31.42922,D,H,H,D,B,H,H,H,B,D,B,D,H,H,H,D,H,H,D,H,D,H,B,B,H,H,H,B,H,B,H,H,H,D,H,B,H,B,H,D,H,D,B,B,B,H,D,B,H,H,B,H,H,H,H,H,48
 , , , , , , ,3,D3Mit151,18.5,31.42922,D,H,H,D,B,H,H,H,B,D,B,D,H,H,H,D,H,H,D,H,D,H,B,B,H,H,H,B,H,B,H,H,H,D,H,B,H,B,H,D,H,D,B,B,B,H,D,B,H,H,B,H,H,H,H,H,48,3,D3Mit63,21.5,41.138948,D,H,H,D,B,H,H,H,B,H,B,D,H,H,H,H,H,H,D,H,D,H,B,H,H,H,H,B,H,B,H,H,H,H,H,B,H,B,H,H,H,D,B,B,H,H,D,B,H,H,B,D,H,B,H,H,49
 , , , , , , ,3,D3Mit63,21.5,41.138948,D,H,H,D,B,H,H,H,B,H,B,D,H,H,H,H,H,H,D,H,D,H,B,H,H,H,H,B,H,B,H,H,H,H,H,B,H,B,H,H,H,D,B,B,H,H,D,B,H,H,B,D,H,B,H,H,49,3,D3Mit65,23.3,50.781072,D,H,H,D,B,H,H,H,B,H,B,D,H,H,H,H,H,H,D,H,D,H,B,H,H,H,H,B,H,B,H,H,D,H,H,B,B,B,H,H,H,D,B,B,H,H,D,B,H,H,B,D,H,B,H,H,50
 , , , , , , ,3,D3Mit65,23.3,50.781072,D,H,H,D,B,H,H,H,B,H,B,D,H,H,H,H,H,H,D,H,D,H,B,H,H,H,H,B,H,B,H,H,D,H,H,B,B,B,H,H,H,D,B,B,H,H,D,B,H,H,B,D,H,B,H,H,50,3,D3Mit185,29.5,57.530571,D,H,H,D,B,H,H,D,B,H,B,D,H,H,B,H,H,H,D,H,D,H,H,H,B,D,H,B,H,B,D,H,D,H,H,H,B,B,H,H,H,D,B,B,D,H,D,B,H,H,H,D,H,B,H,H,51
 , , , , , , ,3,D3Mit185,29.5,57.530571,D,H,H,D,B,H,H,D,B,H,B,D,H,H,B,H,H,H,D,H,D,H,H,H,B,D,H,B,H,B,D,H,D,H,H,H,B,B,H,H,H,D,B,B,D,H,D,B,H,H,H,D,H,B,H,H,51,3,D3Mit154,33.0,68.897397,D,H,H,D,B,H,H,D,B,H,B,H,H,B,B,H,H,H,D,H,D,H,D,H,B,D,B,B,H,B,H,H,D,H,D,H,B,H,H,H,H,D,B,B,D,H,D,B,H,H,H,D,B,B,H,H,52
 , , , , , , ,3,D3Mit154,33,68.897397,D,H,H,D,B,H,H,D,B,H,B,H,H,B,B,H,H,H,D,H,D,H,D,H,B,D,B,B,H,B,H,H,D,H,D,H,B,H,H,H,H,D,B,B,D,H,D,B,H,H,H,D,B,B,H,H,52,3,D3Mit51,35.2,77.085365,D,H,H,D,B,H,H,D,H,H,B,H,H,B,B,H,H,D,D,H,D,H,D,H,B,D,B,B,H,B,H,H,D,H,D,H,B,H,H,H,H,D,B,B,D,H,D,B,H,H,H,D,B,B,H,H,53
 , , , , , , ,3,D3Mit51,35.2,77.085365,D,H,H,D,B,H,H,D,H,H,B,H,H,B,B,H,H,D,D,H,D,H,D,H,B,D,B,B,H,B,H,H,D,H,D,H,B,H,H,H,H,D,B,B,D,H,D,B,H,H,H,D,B,B,H,H,53,3,D3Mit187,42.4,87.349076,D,H,H,D,B,H,H,D,H,H,B,H,H,B,B,H,H,D,D,H,D,H,D,H,B,D,B,B,H,B,H,H,D,H,D,H,B,H,H,H,H,D,B,B,D,H,D,B,H,H,H,D,B,B,H,D,54
 , , , , , , ,3,D3Mit187,42.4,87.349076,D,H,H,D,B,H,H,D,H,H,B,H,H,B,B,H,H,D,D,H,D,H,D,H,B,D,B,B,H,B,H,H,D,H,D,H,B,H,H,H,H,D,B,B,D,H,D,B,H,H,H,D,B,B,H,D,54,3,D3Mit156,45.2,92.641397,D,H,H,D,B,H,H,H,H,H,B,H,H,B,B,H,H,D,D,H,D,D,D,H,B,D,B,B,H,B,H,H,D,H,D,H,B,H,H,H,H,D,B,B,D,H,D,B,H,H,H,D,B,B,H,D,55
 , , , , , , ,3,D3Mit156,45.2,92.641397,D,H,H,D,B,H,H,H,H,H,B,H,H,B,B,H,H,D,D,H,D,D,D,H,B,D,B,B,H,B,H,H,D,H,D,H,B,H,H,H,H,D,B,B,D,H,D,B,H,H,H,D,B,B,H,D,55,3,D3Mit76,45.2,95.114307,D,H,H,D,B,H,H,H,H,H,B,H,H,B,B,H,H,D,D,H,D,D,D,H,B,D,B,B,H,B,H,H,D,H,D,H,B,H,H,H,H,D,B,B,D,H,D,B,H,H,H,D,B,B,H,D,56
 , , , , , , ,3,D3Mit76,45.2,95.114307,D,H,H,D,B,H,H,H,H,H,B,H,H,B,B,H,H,D,D,H,D,D,D,H,B,D,B,B,H,B,H,H,D,H,D,H,B,H,H,H,H,D,B,B,D,H,D,B,H,H,H,D,B,B,H,D,56,3,D3Mit189,50.0,101.104656,D,H,H,D,B,H,H,H,H,H,B,H,H,B,B,H,D,D,D,H,D,D,D,H,B,D,B,B,H,B,H,H,D,H,D,H,B,H,H,H,H,D,B,B,D,H,D,B,H,H,H,D,B,B,D,D,57
 , , , , , , ,3,D3Mit189,50,101.104656,D,H,H,D,B,H,H,H,H,H,B,H,H,B,B,H,D,D,D,H,D,D,D,H,B,D,B,B,H,B,H,H,D,H,D,H,B,H,H,H,H,D,B,B,D,H,D,B,H,H,H,D,B,B,D,D,57,3,D3Mit78,55.0,111.491812,D,H,H,D,B,B,H,H,H,H,B,H,H,B,B,H,D,D,D,B,D,D,D,H,B,D,B,B,H,B,H,H,H,B,D,H,B,H,H,H,H,D,B,B,H,H,D,B,H,H,H,D,B,B,D,D,58
 , , , , , , ,3,D3Mit78,55,111.491812,D,H,H,D,B,B,H,H,H,H,B,H,H,B,B,H,D,D,D,B,D,D,D,H,B,D,B,B,H,B,H,H,H,B,D,H,B,H,H,H,H,D,B,B,H,H,D,B,H,H,H,D,B,B,D,D,58,3,D3Mit43,58.8,121.453813,D,H,H,H,B,B,H,H,H,H,H,H,H,B,B,H,D,D,D,H,H,D,D,H,B,D,B,B,H,B,H,H,H,B,D,H,B,H,H,H,H,D,B,H,H,H,D,H,H,D,H,D,B,B,D,D,59
 , , , , , , ,3,D3Mit43,58.8,121.453813,D,H,H,H,B,B,H,H,H,H,H,H,H,B,B,H,D,D,D,H,H,D,D,H,B,D,B,B,H,B,H,H,H,B,D,H,B,H,H,H,H,D,B,H,H,H,D,H,H,D,H,D,B,B,D,D,59,3,D3Mit14,65.0,131.968161,D,H,H,H,B,B,H,H,H,H,H,H,H,B,B,H,D,D,D,H,H,D,D,H,B,D,B,B,D,B,H,H,H,B,D,H,B,H,H,H,H,D,B,H,H,D,D,B,H,D,H,D,B,B,D,D,60
 , , , , , , ,3,D3Mit14,65,131.968161,D,H,H,H,B,B,H,H,H,H,H,H,H,B,B,H,D,D,D,H,H,D,D,H,B,D,B,B,D,B,H,H,H,B,D,H,B,H,H,H,H,D,B,H,H,D,D,B,H,D,H,D,B,B,D,D,60,3,D3Mit17,71.8,143.58461,D,H,H,H,B,B,H,B,H,D,H,H,H,B,B,H,H,D,D,H,H,D,D,H,B,D,B,B,D,B,H,H,H,B,D,H,H,H,H,H,H,H,H,H,H,D,D,B,D,D,H,D,B,B,H,D,61
 , , , , , , ,3,D3Mit17,71.8,143.58461,D,H,H,H,B,B,H,B,H,D,H,H,H,B,B,H,H,D,D,H,H,D,D,H,B,D,B,B,D,B,H,H,H,B,D,H,H,H,H,H,H,H,H,H,H,D,D,B,D,D,H,D,B,B,H,D,61,3,D3Mit147,79.4,148.682794,D,H,H,H,H,B,H,B,H,D,H,H,H,B,B,H,H,D,D,H,B,D,D,H,B,D,H,B,D,B,H,H,H,B,D,H,H,H,D,H,H,H,H,H,H,D,D,B,D,D,H,D,B,B,H,D,62
 , , , , , , ,3,D3Mit147,79.4,148.682794,D,H,H,H,H,B,H,B,H,D,H,H,H,B,B,H,H,D,D,H,B,D,D,H,B,D,H,B,D,B,H,H,H,B,D,H,H,H,D,H,H,H,H,H,H,D,D,B,D,D,H,D,B,B,H,D,62,3,D3Mit89,87.7,156.772397,D,H,D,H,H,B,D,B,B,D,H,H,H,B,B,H,H,D,H,H,B,D,D,H,H,D,H,B,D,B,H,H,H,B,D,H,H,H,D,H,H,H,H,H,H,D,H,B,D,D,H,H,B,B,H,D,63
 , , , , , , ,3,D3Mit89,87.7,156.772397,D,H,D,H,H,B,D,B,B,D,H,H,H,B,B,H,H,D,H,H,B,D,D,H,H,D,H,B,D,B,H,H,H,B,D,H,H,H,D,H,H,H,H,H,H,D,H,B,D,D,H,H,B,B,H,D,63,3,D3Mit19,87.7,157.918332,D,H,H,H,H,B,D,B,B,D,H,H,H,B,B,H,H,D,H,H,B,D,D,H,H,D,H,B,D,B,H,H,B,B,D,H,H,H,D,H,H,H,H,H,H,D,H,B,D,D,H,H,B,B,H,D,64
 , , , , , , ,3,D3Mit19,87.7,157.918332,D,H,H,H,H,B,D,B,B,D,H,H,H,B,B,H,H,D,H,H,B,D,D,H,H,D,H,B,D,B,H,H,B,B,D,H,H,H,D,H,H,H,H,H,H,D,H,B,D,D,H,H,B,B,H,D,64,4,D4Mit149,0.0,3.58427,H,H,B,H,D,B,H,B,B,B,D,B,H,D,B,B,B,D,H,H,B,B,B,H,H,H,B,H,H,H,H,B,H,H,H,B,B,H,H,H,B,D,H,H,H,H,D,B,D,H,H,D,H,B,B,B,65
 , , , , , , ,4,D4Mit149,0,3.58427,H,H,B,H,D,B,H,B,B,B,D,B,H,D,B,B,B,D,H,H,B,B,B,H,H,H,B,H,H,H,H,B,H,H,H,B,B,H,H,H,B,D,H,H,H,H,D,B,D,H,H,D,H,B,B,B,65,4,D4Mit101,3.2,9.629759,H,H,B,H,D,B,H,B,B,B,D,B,H,D,B,B,B,D,H,H,B,B,B,H,H,H,B,H,H,H,B,H,H,H,H,B,B,D,H,H,B,D,H,H,H,H,D,B,D,H,H,D,D,B,B,B,66
 , , , , , , ,4,D4Mit101,3.2,9.629759,H,H,B,H,D,B,H,B,B,B,D,B,H,D,B,B,B,D,H,H,B,B,B,H,H,H,B,H,H,H,B,H,H,H,H,B,B,D,H,H,B,D,H,H,H,H,D,B,D,H,H,D,D,B,B,B,66,4,D4Mit171,6.0,22.577118,H,B,H,H,D,B,H,B,B,B,D,B,H,D,B,B,B,H,H,H,B,B,B,H,H,H,B,H,H,H,B,H,H,H,H,B,B,H,H,H,B,D,H,H,H,H,H,B,D,H,H,D,D,B,B,B,67
 , , , , , , ,4,D4Mit171,6,22.577118,H,B,H,H,D,B,H,B,B,B,D,B,H,D,B,B,B,H,H,H,B,B,B,H,H,H,B,H,H,H,B,H,H,H,H,B,B,H,H,H,B,D,H,H,H,H,H,B,D,H,H,D,D,B,B,B,67,4,D4Mit192,6.3,31.305846,H,B,H,H,D,B,H,B,B,B,D,B,H,D,B,B,B,H,H,H,B,H,B,H,H,H,B,H,H,H,B,H,H,B,H,B,B,H,H,H,B,D,H,H,H,H,H,B,D,H,H,D,D,B,B,B,68
 , , , , , , ,4,D4Mit192,6.3,31.305846,H,B,H,H,D,B,H,B,B,B,D,B,H,D,B,B,B,H,H,H,B,H,B,H,H,H,B,H,H,H,B,H,H,B,H,B,B,H,H,H,B,D,H,H,H,H,H,B,D,H,H,D,D,B,B,B,68,4,D4Mit172,10.0,34.584046,H,B,H,H,H,B,H,B,B,B,D,B,H,D,B,B,B,H,H,H,B,H,D,H,H,H,B,H,H,H,B,H,H,B,H,B,B,H,D,H,B,D,H,H,H,H,H,B,D,H,H,D,D,B,B,B,69
 , , , , , , ,4,D4Mit172,10,34.584046,H,B,H,H,H,B,H,B,B,B,D,B,H,D,B,B,B,H,H,H,B,H,D,H,H,H,B,H,H,H,B,H,H,B,H,B,B,H,D,H,B,D,H,H,H,H,H,B,D,H,H,D,D,B,B,B,69,4,D4Mit214,17.9,45.679541,H,B,H,H,H,H,H,H,B,B,D,B,H,D,B,B,B,H,H,H,H,H,D,H,D,H,H,D,H,H,B,H,H,B,H,B,B,H,D,H,B,D,D,H,H,H,H,B,D,H,H,D,D,B,B,B,70
 , , , , , , ,4,D4Mit214,17.9,45.679541,H,B,H,H,H,H,H,H,B,B,D,B,H,D,B,B,B,H,H,H,H,H,D,H,D,H,H,D,H,H,B,H,H,B,H,B,B,H,D,H,B,D,D,H,H,H,H,B,D,H,H,D,D,B,B,B,70,4,D4Mit111,21.9,53.571938,H,B,H,H,H,H,H,H,B,B,D,B,H,D,B,B,B,H,H,H,H,H,D,B,D,D,H,D,H,H,B,H,H,B,H,B,B,H,D,H,B,D,D,H,H,H,H,B,D,D,H,D,D,B,B,B,71
 , , , , , , ,4,D4Mit111,21.9,53.571938,H,B,H,H,H,H,H,H,B,B,D,B,H,D,B,B,B,H,H,H,H,H,D,B,D,D,H,D,H,H,B,H,H,B,H,B,B,H,D,H,B,D,D,H,H,H,H,B,D,D,H,D,D,B,B,B,71,4,D4Mit178,35.5,66.668385,D,B,H,H,H,H,D,H,D,B,D,B,H,D,B,B,B,H,B,H,H,H,D,B,D,H,H,D,D,D,B,H,H,B,H,B,B,H,D,H,H,D,D,H,H,H,H,B,D,D,H,D,D,B,B,B,72
 , , , , , , ,4,D4Mit178,35.5,66.668385,D,B,H,H,H,H,D,H,D,B,D,B,H,D,B,B,B,H,B,H,H,H,D,B,D,H,H,D,D,D,B,H,H,B,H,B,B,H,D,H,H,D,D,H,H,H,H,B,D,D,H,D,D,B,B,B,72,4,D4Mit142,37.5,73.690567,D,B,H,H,H,H,D,D,D,B,D,B,H,D,B,B,B,H,B,H,H,H,D,B,D,H,H,D,D,D,B,H,D,B,H,B,B,H,D,H,H,D,D,H,H,D,H,B,D,D,B,D,D,B,B,H,73
 , , , , , , ,4,D4Mit142,37.5,73.690567,D,B,H,H,H,H,D,D,D,B,D,B,H,D,B,B,B,H,B,H,H,H,D,B,D,H,H,D,D,D,B,H,D,B,H,B,B,H,D,H,H,D,D,H,H,D,H,B,D,D,B,D,D,B,B,H,73,4,D4Mit297,38.0,80.748832,D,B,H,H,H,H,D,D,D,B,D,B,H,D,B,B,B,H,B,H,H,D,D,B,D,H,H,D,D,D,B,H,D,B,H,B,B,H,D,H,H,D,D,D,B,D,B,B,D,D,B,D,D,B,B,H,74
 , , , , , , ,4,D4Mit297,38,80.748832,D,B,H,H,H,H,D,D,D,B,D,B,H,D,B,B,B,H,B,H,H,D,D,B,D,H,H,D,D,D,B,H,D,B,H,B,B,H,D,H,H,D,D,D,B,D,B,B,D,D,B,D,D,B,B,H,74,4,D4Mit186,44.0,90.637667,D,B,H,H,H,H,D,D,D,B,D,H,D,D,B,B,B,H,B,H,H,D,D,B,D,H,H,D,D,D,B,H,D,B,H,B,B,H,D,H,D,D,D,D,B,D,B,B,D,D,B,D,H,B,B,H,75
 , , , , , , ,4,D4Mit186,44,90.637667,D,B,H,H,H,H,D,D,D,B,D,H,D,D,B,B,B,H,B,H,H,D,D,B,D,H,H,D,D,D,B,H,D,B,H,B,B,H,D,H,D,D,D,D,B,D,B,B,D,D,B,D,H,B,B,H,75,4,D4Mit255,48.5,98.712726,H,H,H,H,H,H,D,D,D,B,H,H,D,D,B,B,B,B,B,H,H,D,D,B,D,H,H,D,D,D,B,H,D,B,B,B,B,H,D,H,D,H,D,D,B,D,B,B,D,D,B,D,H,H,B,H,76
 , , , , , , ,4,D4Mit255,48.5,98.712726,H,H,H,H,H,H,D,D,D,B,H,H,D,D,B,B,B,B,B,H,H,D,D,B,D,H,H,D,D,D,B,H,D,B,B,B,B,H,D,H,D,H,D,D,B,D,B,B,D,D,B,D,H,H,B,H,76,4,D4Mit146,53.6,109.298866,H,H,H,H,H,H,D,D,D,H,H,H,D,H,B,B,B,B,B,H,H,D,D,B,D,H,H,D,D,D,B,H,D,B,B,B,B,H,D,H,D,H,D,D,B,D,B,B,D,D,B,D,H,H,D,H,77
 , , , , , , ,4,D4Mit146,53.6,109.298866,H,H,H,H,H,H,D,D,D,H,H,H,D,H,B,B,B,B,B,H,H,D,D,B,D,H,H,D,D,D,B,H,D,B,B,B,B,H,D,H,D,H,D,D,B,D,B,B,D,D,B,D,H,H,D,H,77,4,D4Mit332,53.6,113.989925,H,H,H,H,H,H,D,D,D,H,H,H,D,H,B,B,B,B,B,H,H,D,D,B,D,H,H,D,D,D,B,H,D,B,B,B,B,H,D,H,D,H,D,H,B,D,B,B,D,D,B,D,H,H,D,H,78
 , , , , , , ,4,D4Mit332,53.6,113.989925,H,H,H,H,H,H,D,D,D,H,H,H,D,H,B,B,B,B,B,H,H,D,D,B,D,H,H,D,D,D,B,H,D,B,B,B,B,H,D,H,D,H,D,H,B,D,B,B,D,D,B,D,H,H,D,H,78,4,D4Mit37,56.5,116.712705,H,H,H,H,H,H,D,D,D,H,H,H,D,H,B,B,B,B,B,D,H,D,H,B,H,H,H,D,D,D,B,H,D,B,B,B,B,H,D,H,D,H,D,H,B,D,B,B,D,D,B,D,H,H,D,H,79
 , , , , , , ,4,D4Mit37,56.5,116.712705,H,H,H,H,H,H,D,D,D,H,H,H,D,H,B,B,B,B,B,D,H,D,H,B,H,H,H,D,D,D,B,H,D,B,B,B,B,H,D,H,D,H,D,H,B,D,B,B,D,D,B,D,H,H,D,H,79,4,D4Mit334,57.0,119.208735,H,H,H,H,H,H,D,D,D,H,H,H,D,H,B,B,B,B,B,D,H,D,H,B,H,H,H,D,D,D,B,H,D,B,B,B,B,H,D,H,D,H,D,H,B,D,B,B,D,D,B,D,H,H,D,H,80
 , , , , , , ,4,D4Mit334,57,119.208735,H,H,H,H,H,H,D,D,D,H,H,H,D,H,B,B,B,B,B,D,H,D,H,B,H,H,H,D,D,D,B,H,D,B,B,B,B,H,D,H,D,H,D,H,B,D,B,B,D,D,B,D,H,H,D,H,80,4,D4Mit203,60.0,129.074321,H,H,H,H,H,H,D,D,D,H,H,H,D,H,B,B,B,B,B,D,H,D,H,H,H,H,H,D,D,H,B,H,D,H,B,B,B,D,D,H,D,H,D,H,B,D,B,H,D,D,B,D,H,H,D,H,81
 , , , , , , ,4,D4Mit203,60,129.074321,H,H,H,H,H,H,D,D,D,H,H,H,D,H,B,B,B,B,B,D,H,D,H,H,H,H,H,D,D,H,B,H,D,H,B,B,B,D,D,H,D,H,D,H,B,D,B,H,D,D,B,D,H,H,D,H,81,4,D3Mit54,4.6,134.846319,H,H,H,D,B,D,H,H,B,D,H,D,H,H,H,D,H,H,D,H,D,H,B,B,H,H,H,B,H,B,H,H,H,D,B,B,H,B,H,D,H,D,B,B,B,H,D,H,B,H,B,H,H,H,D,H,45
 , , , , , , ,4,D4Mit312,69.8,141.166045,H,D,H,H,H,H,H,D,D,H,H,H,D,H,D,B,B,B,B,D,H,D,B,H,H,H,H,D,D,H,B,H,D,H,H,B,B,D,H,H,D,H,D,H,B,D,B,H,D,D,B,H,H,H,D,D,82,4,D4Mit312,69.8,141.166045,H,D,H,H,H,H,H,D,D,H,H,H,D,H,D,B,B,B,B,D,H,D,B,H,H,H,H,D,D,H,B,H,D,H,H,B,B,D,H,H,D,H,D,H,B,D,B,H,D,D,B,H,H,H,D,D,82
 , , , , , , ,4,D4Mit42,81,150.413793,H,D,H,H,H,H,H,D,H,H,H,H,D,H,D,B,B,B,B,D,B,D,B,H,H,H,H,D,D,H,H,B,D,H,H,H,B,D,H,H,D,B,D,H,H,D,B,H,D,D,H,H,H,H,D,D,83,4,D4Mit42,81.0,150.413793,H,D,H,H,H,H,H,D,H,H,H,H,D,H,D,B,B,B,B,D,B,D,B,H,H,H,H,D,D,H,H,B,D,H,H,H,B,D,H,H,D,B,D,H,H,D,B,H,D,D,H,H,H,H,D,D,83
 , , , , , , ,5,D5Mit346,0.5,4.885518,H,H,D,B,D,D,D,H,H,B,D,B,H,H,H,H,H,B,B,H,H,D,B,D,D,D,H,H,H,B,H,H,D,H,H,H,D,D,D,H,B,D,D,D,H,D,H,H,D,H,D,H,B,H,B,H,84,5,D5Mit346,0.5,4.885518,H,H,D,B,D,D,D,H,H,B,D,B,H,H,H,H,H,B,B,H,H,D,B,D,D,D,H,H,H,B,H,H,D,H,H,H,D,D,D,H,B,D,D,D,H,D,H,H,D,H,D,H,B,H,B,H,84
 , , , , , , ,5,D5Mit294,8,20.86914,H,H,D,B,D,D,D,B,H,B,D,B,H,H,H,H,D,B,B,D,H,D,B,D,H,D,H,H,H,B,H,H,H,H,B,H,H,D,D,H,B,D,D,D,H,D,H,H,D,H,D,H,B,B,B,D,85,5,D5Mit294,8.0,20.86914,H,H,D,B,D,D,D,B,H,B,D,B,H,H,H,H,D,B,B,D,H,D,B,D,H,D,H,H,H,B,H,H,H,H,B,H,H,D,D,H,B,D,D,D,H,D,H,H,D,H,D,H,B,B,B,D,85
 , , , , , , ,5,D5Mit348,8,24.429183,H,H,D,H,D,D,D,B,H,B,H,B,H,H,H,H,D,B,B,D,H,D,B,D,H,D,H,H,B,B,H,H,H,H,B,H,H,D,D,H,B,D,D,D,H,D,H,H,D,H,D,H,B,B,B,D,86,5,D5Mit348,8.0,24.429183,H,H,D,H,D,D,D,B,H,B,H,B,H,H,H,H,D,B,B,D,H,D,B,D,H,D,H,H,B,B,H,H,H,H,B,H,H,D,D,H,B,D,D,D,H,D,H,H,D,H,D,H,B,B,B,D,86
 , , , , , , ,5,D5Mit352,20,35.931827,H,H,D,H,D,D,D,B,B,B,H,B,H,H,H,H,D,B,B,D,H,D,B,D,H,D,H,H,B,H,H,H,H,H,B,H,H,D,D,H,H,H,D,D,H,D,H,H,D,H,D,H,H,B,B,D,87,5,D5Mit352,20.0,35.931827,H,H,D,H,D,D,D,B,B,B,H,B,H,H,H,H,D,B,B,D,H,D,B,D,H,D,H,H,B,H,H,H,H,H,B,H,H,D,D,H,H,H,D,D,H,D,H,H,D,H,D,H,H,B,B,D,87
 , , , , , , ,5,D5Mit267,23,40.87475,H,H,D,H,D,D,D,B,B,H,H,B,H,H,H,H,D,B,B,D,D,D,B,D,H,D,H,H,B,H,H,H,H,H,B,H,H,D,D,H,H,H,D,D,H,D,H,H,D,H,D,H,H,B,B,D,88,5,D5Mit267,23.0,40.87475,H,H,D,H,D,D,D,B,B,H,H,B,H,H,H,H,D,B,B,D,D,D,B,D,H,D,H,H,B,H,H,H,H,H,B,H,H,D,D,H,H,H,D,D,H,D,H,H,D,H,D,H,H,B,B,D,88
 , , , , , , ,5,D5Mit255,30,55.242575,H,H,D,H,D,D,D,B,B,H,H,B,H,H,H,H,H,H,B,D,D,D,D,D,H,D,H,H,B,H,B,H,H,H,B,H,H,D,D,H,H,H,D,D,H,D,H,H,H,H,D,H,H,B,B,D,89,5,D5Mit255,30.0,55.242575,H,H,D,H,D,D,D,B,B,H,H,B,H,H,H,H,H,H,B,D,D,D,D,D,H,D,H,H,B,H,B,H,H,H,B,H,H,D,D,H,H,H,D,D,H,D,H,H,H,H,D,H,H,B,B,D,89
 , , , , , , ,5,D5Mit197,36,64.928222,H,H,D,H,D,D,D,B,B,H,H,B,H,H,H,H,H,H,B,D,D,D,D,D,H,H,H,H,B,H,B,H,H,H,B,H,H,D,D,H,H,H,D,D,H,D,H,H,H,H,H,H,H,B,B,D,90,5,D5Mit197,36.0,64.928222,H,H,D,H,D,D,D,B,B,H,H,B,H,H,H,H,H,H,B,D,D,D,D,D,H,H,H,H,B,H,B,H,H,H,B,H,H,D,D,H,H,H,D,D,H,D,H,H,H,H,H,H,H,B,B,D,90
 , , , , , , ,5,D5Mit356,41,73.475142,D,H,H,H,D,D,D,B,H,H,H,B,H,H,H,H,H,H,H,D,D,H,D,D,B,H,H,H,B,H,B,H,H,H,B,H,H,H,D,D,H,H,D,D,H,D,H,H,H,H,H,H,H,B,B,D,91,5,D5Mit356,41.0,73.475142,D,H,H,H,D,D,D,B,H,H,H,B,H,H,H,H,H,H,H,D,D,H,D,D,B,H,H,H,B,H,B,H,H,H,B,H,H,H,D,D,H,H,D,D,H,D,H,H,H,H,H,H,H,B,B,D,91
 , , , , , , ,5,D5Mit309,44,80.577281,D,H,H,H,D,D,D,H,H,H,H,B,H,H,H,H,H,H,H,D,D,H,D,D,B,H,H,H,B,H,B,H,H,H,B,H,H,H,D,D,H,H,D,D,H,D,H,H,H,H,H,H,H,B,B,D,92,5,D5Mit309,44.0,80.577281,D,H,H,H,D,D,D,H,H,H,H,B,H,H,H,H,H,H,H,D,D,H,D,D,B,H,H,H,B,H,B,H,H,H,B,H,H,H,D,D,H,H,D,D,H,D,H,H,H,H,H,H,H,B,B,D,92
 , , , , , , ,5,D5Mit18,50,94.372412,D,H,H,H,D,D,D,H,H,H,H,B,H,H,H,H,H,H,H,D,D,H,D,D,B,H,H,H,B,H,B,H,H,H,B,H,H,H,D,D,H,H,D,D,H,D,H,H,H,H,H,H,H,B,B,D,93,5,D5Mit18,50.0,94.372412,D,H,H,H,D,D,D,H,H,H,H,B,H,H,H,H,H,H,H,D,D,H,D,D,B,H,H,H,B,H,B,H,H,H,B,H,H,H,D,D,H,H,D,D,H,D,H,H,H,H,H,H,H,B,B,D,93
 , , , , , , ,5,D5Mit403,57,106.044872,D,H,H,H,D,H,H,H,D,H,H,B,H,H,H,H,H,H,D,D,D,H,D,D,B,D,H,H,B,H,B,H,H,H,B,H,H,H,D,D,H,H,D,D,H,D,H,B,B,H,H,B,H,B,B,H,94,5,D5Mit403,57.0,106.044872,D,H,H,H,D,H,H,H,D,H,H,B,H,H,H,H,H,H,D,D,D,H,D,D,B,D,H,H,B,H,B,H,H,H,B,H,H,H,D,D,H,H,D,D,H,D,H,B,B,H,H,B,H,B,B,H,94
 , , , , , , ,5,D5Mit25,59.8,114.14469,D,H,H,H,D,H,H,H,D,H,H,B,H,H,H,H,H,H,D,D,D,H,D,D,B,D,H,H,B,H,B,H,H,H,B,H,H,H,H,D,H,H,H,D,B,D,H,B,B,H,H,B,H,B,B,H,95,5,D5Mit25,59.8,114.14469,D,H,H,H,D,H,H,H,D,H,H,B,H,H,H,H,H,H,D,D,D,H,D,D,B,D,H,H,B,H,B,H,H,H,B,H,H,H,H,D,H,H,H,D,B,D,H,B,B,H,H,B,H,B,B,H,95
 , , , , , , ,5,D5Mit95,68.5,125.118213,D,H,H,H,D,H,H,D,D,H,H,B,B,H,H,B,H,D,D,H,D,H,D,D,B,D,H,D,B,D,B,H,H,H,H,H,H,H,H,D,D,H,H,D,B,D,H,B,B,H,H,B,H,H,B,B,96,5,D5Mit95,68.5,125.118213,D,H,H,H,D,H,H,D,D,H,H,B,B,H,H,B,H,D,D,H,D,H,D,D,B,D,H,D,B,D,B,H,H,H,H,H,H,H,H,D,D,H,H,D,B,D,H,B,B,H,H,B,H,H,B,B,96
 , , , , , , ,5,D5Mit139,69,125.740696,D,H,H,H,D,H,H,D,D,H,H,B,B,H,H,B,H,D,D,H,D,H,D,D,B,D,H,D,B,D,B,H,H,H,H,H,H,H,H,D,D,H,H,D,B,D,H,B,B,H,H,B,H,H,B,B,97,5,D5Mit139,69.0,125.740696,D,H,H,H,D,H,H,D,D,H,H,B,B,H,H,B,H,D,D,H,D,H,D,D,B,D,H,D,B,D,B,H,H,H,H,H,H,H,H,D,D,H,H,D,B,D,H,B,B,H,H,B,H,H,B,B,97
 , , , , , , ,5,D5Mit372,73,132.411941,D,D,H,H,D,H,H,D,D,H,H,B,B,H,H,B,H,D,D,H,D,H,D,D,B,D,H,D,B,D,B,D,H,B,H,D,H,H,H,D,D,H,H,B,B,D,H,B,B,H,D,B,H,H,B,B,98,5,D5Mit372,73.0,132.411941,D,D,H,H,D,H,H,D,D,H,H,B,B,H,H,B,H,D,D,H,D,H,D,D,B,D,H,D,B,D,B,D,H,B,H,D,H,H,H,D,D,H,H,B,B,D,H,B,B,H,D,B,H,H,B,B,98
 , , , , , , ,5,D5Mit222,85,142.755819,D,D,H,H,D,B,H,D,D,H,D,B,B,H,H,B,H,D,D,H,D,H,D,D,H,D,H,D,H,D,B,D,H,B,H,D,H,H,H,D,D,H,H,B,H,D,D,H,B,H,D,H,H,H,B,H,99,5,D5Mit222,85.0,142.755819,D,D,H,H,D,B,H,D,D,H,D,B,B,H,H,B,H,D,D,H,D,H,D,D,H,D,H,D,H,D,B,D,H,B,H,D,H,H,H,D,D,H,H,B,H,D,D,H,B,H,D,H,H,H,B,H,99
 , , , , , , ,5,D5Mit223,89,147.161369,D,D,H,H,D,B,H,D,D,H,D,B,B,B,H,B,H,D,D,H,D,H,H,D,H,D,H,D,H,D,B,D,H,B,H,D,H,H,H,D,D,H,H,B,H,D,D,H,B,H,D,H,H,H,B,H,100,5,D5Mit223,89.0,147.161369,D,D,H,H,D,B,H,D,D,H,D,B,B,B,H,B,H,D,D,H,D,H,H,D,H,D,H,D,H,D,B,D,H,B,H,D,H,H,H,D,D,H,H,B,H,D,D,H,B,H,D,H,H,H,B,H,100
 , , , , , , ,6,D6Mit86,0.5,4.414883,D,H,H,D,D,B,B,B,H,B,D,H,H,H,H,H,D,H,D,H,B,H,D,D,D,H,H,D,D,B,D,H,H,D,B,D,H,B,D,H,D,H,H,H,H,B,H,D,D,B,B,H,H,H,H,H,101,6,D6Mit86,0.5,4.414883,D,H,H,D,D,B,B,B,H,B,D,H,H,H,H,H,D,H,D,H,B,H,D,D,D,H,H,D,D,B,D,H,H,D,B,D,H,B,D,H,D,H,H,H,H,B,H,D,D,B,B,H,H,H,H,H,101
 , , , , , , ,6,D6Mit264,3.2,16.618913,D,H,H,D,D,B,B,H,H,B,D,H,H,H,H,H,D,H,D,H,H,H,D,D,D,H,H,D,D,B,D,H,H,D,B,H,H,B,D,H,D,H,H,H,H,B,H,D,D,B,B,H,H,H,H,H,102,6,D6Mit264,3.2,16.618913,D,H,H,D,D,B,B,H,H,B,D,H,H,H,H,H,D,H,D,H,H,H,D,D,D,H,H,D,D,B,D,H,H,D,B,H,H,B,D,H,D,H,H,H,H,B,H,D,D,B,B,H,H,H,H,H,102
 , , , , , , ,6,D6Mit159,7,29.701231,D,H,D,D,D,B,H,H,B,B,H,H,H,H,H,H,D,D,D,H,H,H,D,D,D,H,H,H,D,B,D,H,H,D,B,H,H,B,D,H,H,H,H,H,H,B,H,D,D,H,B,H,H,H,H,H,103,6,D6Mit159,7.0,29.701231,D,H,D,D,D,B,H,H,B,B,H,H,H,H,H,H,D,D,D,H,H,H,D,D,D,H,H,H,D,B,D,H,H,D,B,H,H,B,D,H,H,H,H,H,H,B,H,D,D,H,B,H,H,H,H,H,103
 , , , , , , ,6,D6Mit268,15.5,34.664814,D,H,D,D,D,B,H,H,B,H,H,H,H,H,H,H,D,B,D,H,B,H,D,D,D,H,H,H,D,B,D,H,H,D,B,H,H,B,D,H,H,H,H,H,H,B,H,D,H,H,B,H,H,H,H,H,104,6,D6Mit268,15.5,34.664814,D,H,D,D,D,B,H,H,B,H,H,H,H,H,H,H,D,B,D,H,B,H,D,D,D,H,H,H,D,B,D,H,H,D,B,H,H,B,D,H,H,H,H,H,H,B,H,D,H,H,B,H,H,H,H,H,104
 , , , , , , ,6,D6Mit207,19,44.395477,H,H,D,D,D,B,H,D,H,H,H,H,H,H,H,H,D,B,D,H,B,H,D,D,D,B,H,H,D,B,D,H,H,H,B,H,H,B,D,H,H,H,H,B,H,B,H,D,H,H,B,D,H,H,H,B,105,6,D6Mit207,19.0,44.395477,H,H,D,D,D,B,H,D,H,H,H,H,H,H,H,H,D,B,D,H,B,H,D,D,D,B,H,H,D,B,D,H,H,H,B,H,H,B,D,H,H,H,H,B,H,B,H,D,H,H,B,D,H,H,H,B,105
 , , , , , , ,6,D6Mit74,20.5,48.656141,H,H,D,D,D,B,H,D,H,H,H,H,H,H,H,H,D,B,D,H,B,H,D,D,D,B,H,H,D,B,D,H,H,H,B,H,H,B,D,H,H,H,H,B,H,B,H,D,H,H,B,D,H,H,H,B,106,6,D6Mit74,20.5,48.656141,H,H,D,D,D,B,H,D,H,H,H,H,H,H,H,H,D,B,D,H,B,H,D,D,D,B,H,H,D,B,D,H,H,H,B,H,H,B,D,H,H,H,H,B,H,B,H,D,H,H,B,D,H,H,H,B,106
 , , , , , , ,6,D6Mit93,26.3,52.091295,H,H,H,H,D,B,H,D,H,H,H,H,H,H,H,H,D,B,D,H,B,H,D,D,H,B,H,H,H,H,D,H,H,H,B,H,H,B,H,H,H,D,H,B,H,B,H,D,H,H,B,H,H,H,H,B,107,6,D6Mit93,26.3,52.091295,H,H,H,H,D,B,H,D,H,H,H,H,H,H,H,H,D,B,D,H,B,H,D,D,H,B,H,H,H,H,D,H,H,H,B,H,H,B,H,H,H,D,H,B,H,B,H,D,H,H,B,H,H,H,H,B,107
 , , , , , , ,6,D6Mit316,28.9,55.485526,H,H,D,D,D,B,H,D,H,H,H,H,H,H,D,H,D,B,D,H,B,H,D,D,D,B,H,H,H,B,D,D,H,H,B,H,H,B,H,H,H,D,H,B,H,B,H,D,H,H,B,H,H,H,H,B,108,6,D6Mit316,28.9,55.485526,H,H,D,D,D,B,H,D,H,H,H,H,H,H,D,H,D,B,D,H,B,H,D,D,D,B,H,H,H,B,D,D,H,H,B,H,H,B,H,H,H,D,H,B,H,B,H,D,H,H,B,H,H,H,H,B,108
 , , , , , , ,6,D6Mit175,29.9,64.923851,H,H,D,D,D,B,H,D,H,H,H,B,H,H,D,H,D,B,D,H,B,H,D,D,D,B,H,H,H,B,D,D,H,H,B,H,H,B,H,H,H,D,H,B,H,B,H,D,H,H,B,H,H,H,H,B,109,6,D6Mit175,29.9,64.923851,H,H,D,D,D,B,H,D,H,H,H,B,H,H,D,H,D,B,D,H,B,H,D,D,D,B,H,H,H,B,D,D,H,H,B,H,H,B,H,H,H,D,H,B,H,B,H,D,H,H,B,H,H,H,H,B,109
 , , , , , , ,6,D6Mit188,32.5,75.377091,H,H,D,D,D,B,H,D,H,H,H,B,H,H,D,H,D,B,D,H,B,H,H,D,D,B,H,H,H,B,D,D,H,H,B,H,H,B,H,H,H,D,H,B,D,B,H,D,H,H,B,H,H,H,B,B,110,6,D6Mit188,32.5,75.377091,H,H,D,D,D,B,H,D,H,H,H,B,H,H,D,H,D,B,D,H,B,H,H,D,D,B,H,H,H,B,D,D,H,H,B,H,H,B,H,H,H,D,H,B,D,B,H,D,H,H,B,H,H,H,B,B,110
 , , , , , , ,6,D6Mit69,35,83.611364,H,H,H,D,D,H,H,D,H,H,H,B,H,H,D,H,H,B,D,H,B,H,H,D,D,B,B,H,H,B,D,D,H,H,B,H,H,B,H,H,H,D,H,B,D,B,H,D,H,H,H,H,H,D,B,B,111,6,D6Mit69,35.0,83.611364,H,H,H,D,D,H,H,D,H,H,H,B,H,H,D,H,H,B,D,H,B,H,H,D,D,B,B,H,H,B,D,D,H,H,B,H,H,B,H,H,H,D,H,B,D,B,H,D,H,H,H,H,H,D,B,B,111
 , , , , , , ,6,D6Mit102,38.5,93.429452,H,H,H,H,H,H,H,D,H,H,H,B,H,H,D,H,H,B,D,H,B,H,H,D,D,B,B,H,H,B,D,D,D,H,B,H,H,B,H,H,H,D,H,B,D,B,H,D,H,D,H,H,H,D,B,B,112,6,D6Mit102,38.5,93.429452,H,H,H,H,H,H,H,D,H,H,H,B,H,H,D,H,H,B,D,H,B,H,H,D,D,B,B,H,H,B,D,D,D,H,B,H,H,B,H,H,H,D,H,B,D,B,H,D,H,D,H,H,H,D,B,B,112
 , , , , , , ,6,D6Mit39,45.5,106.535002,H,H,H,H,H,H,H,D,H,H,H,H,H,H,D,H,H,B,D,B,B,H,H,D,D,B,B,H,H,H,D,D,D,H,H,H,H,B,H,D,H,D,H,B,D,H,H,D,H,D,H,H,B,D,B,B,113,6,D6Mit39,45.5,106.535002,H,H,H,H,H,H,H,D,H,H,H,H,H,H,D,H,H,B,D,B,B,H,H,D,D,B,B,H,H,H,D,D,D,H,H,H,H,B,H,D,H,D,H,B,D,H,H,D,H,D,H,H,B,D,B,B,113
 , , , , , , ,6,D6Mit150,51,116.120746,H,H,H,B,H,H,D,D,H,H,H,H,H,H,D,H,H,B,D,B,B,H,H,H,D,B,B,H,H,H,D,D,D,H,H,H,H,B,H,D,H,B,H,B,D,H,H,D,H,D,H,H,B,D,B,B,114,6,D6Mit150,51.0,116.120746,H,H,H,B,H,H,D,D,H,H,H,H,H,H,D,H,H,B,D,B,B,H,H,H,D,B,B,H,H,H,D,D,D,H,H,H,H,B,H,D,H,B,H,B,D,H,H,D,H,D,H,H,B,D,B,B,114
 , , , , , , ,6,D6Mit135,62.3,128.800512,H,B,B,B,H,H,D,D,H,D,H,H,H,H,H,H,H,B,D,B,B,H,B,H,D,B,B,D,H,H,H,D,H,H,H,H,H,B,H,D,B,B,H,H,D,H,H,D,H,D,B,H,B,D,B,B,115,6,D6Mit135,62.3,128.800512,H,B,B,B,H,H,D,D,H,D,H,H,H,H,H,H,H,B,D,B,B,H,B,H,D,B,B,D,H,H,H,D,H,H,H,H,H,B,H,D,B,B,H,H,D,H,H,D,H,D,B,H,B,D,B,B,115
 , , , , , , ,6,D6Mit374,63.7,134.085142,H,B,B,B,H,H,D,D,H,D,H,H,H,H,H,H,H,B,D,B,B,H,B,H,D,B,B,D,H,H,H,D,D,H,H,H,H,B,H,D,B,B,H,H,D,H,H,D,H,D,H,H,B,D,B,B,116,6,D6Mit374,63.7,134.085142,H,B,B,B,H,H,D,D,H,D,H,H,H,H,H,H,H,B,D,B,B,H,B,H,D,B,B,D,H,H,H,D,D,H,H,H,H,B,H,D,B,B,H,H,D,H,H,D,H,D,H,H,B,D,B,B,116
 , , , , , , ,6,D6Mit339,65,136.387771,H,B,B,B,H,H,D,D,H,D,H,D,H,H,H,H,H,B,D,B,B,H,B,H,D,B,B,D,H,H,H,D,D,H,H,H,H,B,H,D,B,B,H,H,D,H,H,D,H,D,B,H,B,D,B,B,117,6,D6Mit339,65.0,136.387771,H,B,B,B,H,H,D,D,H,D,H,D,H,H,H,H,H,B,D,B,B,H,B,H,D,B,B,D,H,H,H,D,D,H,H,H,H,B,H,D,B,B,H,H,D,H,H,D,H,D,B,H,B,D,B,B,117
 , , , , , , ,6,D6Mit201,74.1,146.59065,H,B,B,B,B,H,D,D,B,H,H,D,H,H,H,H,H,B,D,B,H,H,B,H,D,B,B,D,H,H,H,D,D,H,H,H,H,B,H,D,H,B,H,H,H,H,H,D,H,D,H,H,B,H,B,B,118,6,D6Mit201,74.1,146.59065,H,B,B,B,B,H,D,D,B,H,H,D,H,H,H,H,H,B,D,B,H,H,B,H,D,B,B,D,H,H,H,D,D,H,H,H,H,B,H,D,H,B,H,H,H,H,H,D,H,D,H,H,B,H,B,B,118
 , , , , , , ,7,D7Mit178,0,5.96,H,B,B,H,H,H,D,H,H,D,B,H,D,H,H,B,H,B,B,D,H,B,D,B,H,H,H,D,H,B,H,H,D,D,H,B,D,H,H,H,B,D,D,D,B,H,D,H,H,B,H,B,D,H,H,H,119,7,D7Mit178,0.0,5.96,H,B,B,H,H,H,D,H,H,D,B,H,D,H,H,B,H,B,B,D,H,B,D,B,H,H,H,D,H,B,H,H,D,D,H,B,D,H,H,H,B,D,D,D,B,H,D,H,H,B,H,B,D,H,H,H,119
 , , , , , , ,7,D7Mit190,2.9,16.217528,H,B,B,H,H,D,D,D,H,D,B,H,D,H,H,B,H,B,B,D,H,H,D,B,H,H,H,H,H,B,H,H,D,D,D,B,D,H,H,H,B,D,D,D,B,H,D,H,H,H,H,H,D,H,H,H,120,7,D7Mit190,2.9,16.217528,H,B,B,H,H,D,D,D,H,D,B,H,D,H,H,B,H,B,B,D,H,H,D,B,H,H,H,H,H,B,H,H,D,D,D,B,D,H,H,H,B,D,D,D,B,H,D,H,H,H,H,H,D,H,H,H,120
 , , , , , , ,7,D7Mit114,8.1,26.446903,H,B,B,H,H,D,D,D,H,D,B,H,D,D,H,H,H,B,B,D,H,H,D,B,H,H,H,H,B,B,B,H,D,D,H,B,D,H,B,H,H,D,D,D,B,H,D,D,H,H,H,H,H,H,H,H,121,7,D7Mit114,8.1,26.446903,H,B,B,H,H,D,D,D,H,D,B,H,D,D,H,H,H,B,B,D,H,H,D,B,H,H,H,H,B,B,B,H,D,D,H,B,D,H,B,H,H,D,D,D,B,H,D,D,H,H,H,H,H,H,H,H,121
 , , , , , , ,7,D7Mit80,18,40.0123,H,B,B,H,H,H,H,H,H,D,B,H,D,D,D,H,B,H,B,D,H,H,D,B,H,B,H,H,B,B,B,D,D,D,H,B,D,D,B,H,H,D,D,D,B,H,D,D,H,H,H,H,H,H,B,D,122,7,D7Mit80,18.0,40.0123,H,B,B,H,H,H,H,H,H,D,B,H,D,D,D,H,B,H,B,D,H,H,D,B,H,B,H,H,B,B,B,D,D,D,H,B,D,D,B,H,H,D,D,D,B,H,D,D,H,H,H,H,H,H,B,D,122
 , , , , , , ,7,D7Mit230,24.5,49.377499,B,B,B,B,H,H,H,H,B,D,B,H,D,D,D,H,B,H,B,D,H,H,D,B,H,B,H,H,B,B,B,D,D,H,H,B,D,D,B,H,H,D,D,D,H,H,D,D,H,H,H,H,H,H,B,D,123,7,D7Mit230,24.5,49.377499,B,B,B,B,H,H,H,H,B,D,B,H,D,D,D,H,B,H,B,D,H,H,D,B,H,B,H,H,B,B,B,D,D,H,H,B,D,D,B,H,H,D,D,D,H,H,D,D,H,H,H,H,H,H,B,D,123
 , , , , , , ,7,D7Mit84,28.4,59.067054,B,B,H,B,H,H,H,H,B,D,B,H,D,D,D,H,B,H,B,D,H,H,D,B,H,B,H,H,B,B,B,D,D,H,H,B,H,D,B,H,H,D,D,D,H,H,D,D,H,H,H,H,H,H,B,D,124,7,D7Mit84,28.4,59.067054,B,B,H,B,H,H,H,H,B,D,B,H,D,D,D,H,B,H,B,D,H,H,D,B,H,B,H,H,B,B,B,D,D,H,H,B,H,D,B,H,H,D,D,D,H,H,D,D,H,H,H,H,H,H,B,D,124
 , , , , , , ,7,D7Mit195,28.5,65.460267,B,B,H,B,H,H,H,H,B,D,B,H,D,D,D,H,B,H,B,D,H,H,D,B,H,B,H,H,B,B,B,D,D,H,H,B,H,D,B,H,H,D,D,D,H,H,D,D,H,H,H,H,H,H,B,D,125,7,D7Mit195,28.5,65.460267,B,B,H,B,H,H,H,H,B,D,B,H,D,D,D,H,B,H,B,D,H,H,D,B,H,B,H,H,B,B,B,D,D,H,H,B,H,D,B,H,H,D,D,D,H,H,D,D,H,H,H,H,H,H,B,D,125
 , , , , , , ,7,D7Mit202,37,75.74914,H,B,H,B,H,H,H,H,B,D,B,H,D,H,D,H,B,H,B,H,H,H,D,H,H,B,H,H,B,B,B,H,D,H,H,B,B,H,B,H,H,D,D,D,H,H,D,D,D,H,B,H,H,H,B,H,126,7,D7Mit202,37.0,75.74914,H,B,H,B,H,H,H,H,B,D,B,H,D,H,D,H,B,H,B,H,H,H,D,H,H,B,H,H,B,B,B,H,D,H,H,B,B,H,B,H,H,D,D,D,H,H,D,D,D,H,B,H,H,H,B,H,126
 , , , , , , ,7,D7Mit350,41,83.462273,H,B,H,B,H,H,H,H,B,D,B,H,D,H,D,H,B,D,B,H,H,H,D,B,H,H,H,H,B,B,B,D,D,H,H,B,B,H,B,H,H,D,D,D,H,H,D,D,D,H,B,H,H,H,B,H,127,7,D7Mit350,41.0,83.462273,H,B,H,B,H,H,H,H,B,D,B,H,D,H,D,H,B,D,B,H,H,H,D,B,H,H,H,H,B,B,B,D,D,H,H,B,B,H,B,H,H,D,D,D,H,H,D,D,D,H,B,H,H,H,B,H,127
 , , , , , , ,7,D7Mit301,46.5,91.459102,H,B,H,B,H,H,H,H,B,D,B,H,D,H,D,H,B,D,B,H,H,H,D,B,H,H,H,H,B,B,B,D,D,H,H,B,B,H,B,B,H,H,D,D,H,H,D,D,D,H,B,H,H,H,B,H,128,7,D7Mit301,46.5,91.459102,H,B,H,B,H,H,H,H,B,D,B,H,D,H,D,H,B,D,B,H,H,H,D,B,H,H,H,H,B,B,B,D,D,H,H,B,B,H,B,B,H,H,D,D,H,H,D,D,D,H,B,H,H,H,B,H,128
 , , , , , , ,7,D7Mit323,50,100.750022,H,H,H,B,H,H,H,H,B,D,B,H,D,H,D,B,B,D,B,H,H,H,D,B,H,H,H,H,H,B,B,D,D,H,H,B,B,H,B,B,H,H,D,D,H,H,D,D,D,H,B,D,H,H,B,H,129,7,D7Mit323,50.0,100.750022,H,H,H,B,H,H,H,H,B,D,B,H,D,H,D,B,B,D,B,H,H,H,D,B,H,H,H,H,H,B,B,D,D,H,H,B,B,H,B,B,H,H,D,D,H,H,D,D,D,H,B,D,H,H,B,H,129
 , , , , , , ,7,D7Mit281,52.4,112.00351,H,H,H,B,B,H,H,H,B,D,B,H,D,H,D,B,B,D,B,H,H,H,D,B,H,H,H,H,H,B,B,D,D,H,H,B,B,H,B,B,H,H,D,D,H,H,D,D,D,H,B,H,H,D,B,H,130,7,D7Mit281,52.4,112.00351,H,H,H,B,B,H,H,H,B,D,B,H,D,H,D,B,B,D,B,H,H,H,D,B,H,H,H,H,H,B,B,D,D,H,H,B,B,H,B,B,H,H,D,D,H,H,D,D,D,H,B,H,H,D,B,H,130
 , , , , , , ,7,D7Mit40,53,116.60859,H,H,H,B,B,H,H,B,B,D,B,H,D,H,D,B,B,D,B,H,H,H,D,B,H,H,H,H,H,B,B,D,D,H,H,B,B,H,B,B,H,H,D,D,H,H,D,D,D,H,B,H,H,H,B,H,131,7,D7Mit40,53.0,116.60859,H,H,H,B,B,H,H,B,B,D,B,H,D,H,D,B,B,D,B,H,H,H,D,B,H,H,H,H,H,B,B,D,D,H,H,B,B,H,B,B,H,H,D,D,H,H,D,D,D,H,B,H,H,H,B,H,131
 , , , , , , ,7,D7Mit66,57.5,119.677144,H,H,H,B,B,H,H,B,B,D,B,H,D,H,D,B,B,D,B,H,H,H,D,B,H,H,H,H,H,B,B,D,D,H,H,B,B,H,B,B,H,H,D,D,H,H,D,D,D,H,B,H,H,H,B,H,132,7,D7Mit66,57.5,119.677144,H,H,H,B,B,H,H,B,B,D,B,H,D,H,D,B,B,D,B,H,H,H,D,B,H,H,H,H,H,B,B,D,D,H,H,B,B,H,B,B,H,H,D,D,H,H,D,D,D,H,B,H,H,H,B,H,132
 , , , , , , ,7,D7Mit12,65.9,136.369186,H,H,H,B,B,H,H,B,H,D,B,H,D,H,D,B,H,D,B,B,H,H,D,B,H,H,H,H,D,B,B,D,D,H,H,B,B,H,H,B,H,D,B,D,H,H,H,H,H,D,B,H,D,H,H,B,133,7,D7Mit12,65.9,136.369186,H,H,H,B,B,H,H,B,H,D,B,H,D,H,D,B,H,D,B,B,H,H,D,B,H,H,H,H,D,B,B,D,D,H,H,B,B,H,H,B,H,D,B,D,H,H,H,H,H,D,B,H,D,H,H,B,133
 , , , , , , ,7,D7Mit334,69,138.128114,H,H,H,B,B,H,H,B,H,H,B,H,D,H,D,B,H,D,B,B,H,H,D,B,H,H,H,H,D,B,B,D,D,H,H,B,B,H,H,B,H,D,B,D,H,H,H,H,H,D,B,H,D,H,H,B,134,7,D7Mit334,69.0,138.128114,H,H,H,B,B,H,H,B,H,H,B,H,D,H,D,B,H,D,B,B,H,H,D,B,H,H,H,H,D,B,B,D,D,H,H,B,B,H,H,B,H,D,B,D,H,H,H,H,H,D,B,H,D,H,H,B,134
 , , , , , , ,7,D7Mit259,72,144.566893,H,H,H,B,B,D,H,B,H,H,H,H,D,B,D,H,H,D,B,H,H,H,D,H,H,H,H,D,D,B,D,D,D,B,H,B,B,H,H,B,H,D,B,D,H,H,H,H,D,H,B,H,D,H,D,B,135,7,D7Mit259,72.0,144.566893,H,H,H,B,B,D,H,B,H,H,H,H,D,B,D,H,H,D,B,H,H,H,D,H,H,H,H,D,D,B,D,D,D,B,H,B,B,H,H,B,H,D,B,D,H,H,H,H,D,H,B,H,D,H,D,B,135
 , , , , , , ,8,D8Mit124,6,14.723136,H,H,H,D,H,H,B,H,H,H,B,B,B,D,D,H,H,H,B,H,B,H,B,D,H,B,H,D,H,H,B,D,D,H,B,D,H,D,B,H,H,H,B,H,H,B,H,D,H,H,D,B,B,H,H,D,136,8,D8Mit124,6.0,14.723136,H,H,H,D,H,H,B,H,H,H,B,B,B,D,D,H,H,H,B,H,B,H,B,D,H,B,H,D,H,H,B,D,D,H,B,D,H,D,B,H,H,H,B,H,H,B,H,D,H,H,D,B,B,H,H,D,136
 , , , , , , ,8,D8Mit335,7,19.165342,H,H,H,D,H,H,B,H,H,H,B,B,B,D,H,H,H,H,B,H,H,H,H,D,H,B,H,D,H,H,B,D,D,H,B,D,H,D,B,H,H,H,B,H,H,B,H,H,H,H,D,B,B,H,H,D,137,8,D8Mit335,7.0,19.165342,H,H,H,D,H,H,B,H,H,H,B,B,B,D,H,H,H,H,B,H,H,H,H,D,H,B,H,D,H,H,B,D,D,H,B,D,H,D,B,H,H,H,B,H,H,B,H,H,H,H,D,B,B,H,H,D,137
 , , , , , , ,8,D8Mit95,8,25.959717,H,H,H,D,H,H,B,H,H,H,B,B,B,D,H,H,H,H,B,H,H,H,H,D,H,B,H,D,H,H,B,D,D,H,B,D,H,H,B,H,H,H,B,H,H,B,H,H,H,H,D,B,B,H,H,D,138,8,D8Mit95,8.0,25.959717,H,H,H,D,H,H,B,H,H,H,B,B,B,D,H,H,H,H,B,H,H,H,H,D,H,B,H,D,H,H,B,D,D,H,B,D,H,H,B,H,H,H,B,H,H,B,H,H,H,H,D,B,B,H,H,D,138
 , , , , , , ,8,D8Mit94,13,32.807592,H,H,H,D,H,H,B,H,H,H,B,B,B,D,H,H,H,H,B,H,H,H,H,D,H,B,H,D,H,H,B,D,D,H,B,D,D,H,B,H,H,H,H,H,H,B,H,H,H,H,D,B,B,H,H,D,139,8,D8Mit94,13.0,32.807592,H,H,H,D,H,H,B,H,H,H,B,B,B,D,H,H,H,H,B,H,H,H,H,D,H,B,H,D,H,H,B,D,D,H,B,D,D,H,B,H,H,H,H,H,H,B,H,H,H,H,D,B,B,H,H,D,139
 , , , , , , ,8,D8Mit294,22.5,40.904227,D,H,H,D,B,H,B,H,H,H,B,B,B,H,H,H,H,H,B,B,H,H,H,D,H,B,H,D,H,H,B,D,D,H,B,D,D,H,B,H,H,H,H,H,H,B,H,H,H,H,D,B,B,H,H,D,140,8,D8Mit294,22.5,40.904227,D,H,H,D,B,H,B,H,H,H,B,B,B,H,H,H,H,H,B,B,H,H,H,D,H,B,H,D,H,H,B,D,D,H,B,D,D,H,B,H,H,H,H,H,H,B,H,H,H,H,D,B,B,H,H,D,140
 , , , , , , ,8,D8Mit100,31,59.55294,D,H,H,H,B,H,H,H,B,H,H,B,H,H,H,H,H,H,B,B,H,H,H,D,H,H,H,D,H,H,B,D,D,H,B,D,D,H,B,H,H,H,H,H,H,B,H,H,H,H,D,B,B,H,H,D,141,8,D8Mit100,31.0,59.55294,D,H,H,H,B,H,H,H,B,H,H,B,H,H,H,H,H,H,B,B,H,H,H,D,H,H,H,D,H,H,B,D,D,H,B,D,D,H,B,H,H,H,H,H,H,B,H,H,H,H,D,B,B,H,H,D,141
 , , , , , , ,8,D8Mit25,32,67.529221,D,H,H,H,B,H,H,H,B,H,H,B,H,H,H,H,H,H,B,B,H,H,H,H,H,H,H,D,H,H,B,D,D,H,B,D,D,H,B,H,H,H,H,H,H,B,H,H,H,H,D,B,B,H,H,D,142,8,D8Mit25,32.0,67.529221,D,H,H,H,B,H,H,H,B,H,H,B,H,H,H,H,H,H,B,B,H,H,H,H,H,H,H,D,H,H,B,D,D,H,B,D,D,H,B,H,H,H,H,H,H,B,H,H,H,H,D,B,B,H,H,D,142
 , , , , , , ,8,D8Mit145,33.7,74.676448,D,H,H,H,B,H,H,H,B,H,H,B,H,H,H,H,H,H,B,B,H,H,H,H,H,H,H,D,H,H,H,D,D,H,B,D,D,H,B,H,H,H,H,H,H,B,H,H,H,H,D,B,B,H,H,D,143,8,D8Mit145,33.7,74.676448,D,H,H,H,B,H,H,H,B,H,H,B,H,H,H,H,H,H,B,B,H,H,H,H,H,H,H,D,H,H,H,D,D,H,B,D,D,H,B,H,H,H,H,H,H,B,H,H,H,H,D,B,B,H,H,D,143
 , , , , , , ,8,D8Mit263,37,84.206611,D,D,H,H,B,H,H,H,B,H,H,H,H,B,H,H,H,H,B,B,H,H,H,H,H,D,H,D,H,H,H,D,D,D,B,D,D,H,B,H,H,H,H,H,H,B,H,H,B,H,H,B,B,H,H,D,144,8,D8Mit263,37.0,84.206611,D,D,H,H,B,H,H,H,B,H,H,H,H,B,H,H,H,H,B,B,H,H,H,H,H,D,H,D,H,H,H,D,D,D,B,D,D,H,B,H,H,H,H,H,H,B,H,H,B,H,H,B,B,H,H,D,144
 , , , , , , ,8,D8Mit236,38.1,86.717296,D,D,H,H,B,H,H,H,B,H,H,H,H,B,H,H,H,H,B,B,H,H,H,H,H,D,H,D,H,H,H,D,D,D,B,D,D,H,B,H,H,H,H,H,H,B,H,H,B,H,H,B,B,H,H,D,145,8,D8Mit236,38.1,86.717296,D,D,H,H,B,H,H,H,B,H,H,H,H,B,H,H,H,H,B,B,H,H,H,H,H,D,H,D,H,H,H,D,D,D,B,D,D,H,B,H,H,H,H,H,H,B,H,H,B,H,H,B,B,H,H,D,145
 , , , , , , ,8,D8Mit266,44.5,93.092599,D,D,H,H,B,H,H,H,B,H,H,H,H,B,H,H,D,H,B,B,H,H,D,H,H,D,H,D,H,B,H,D,D,D,B,D,D,H,B,D,H,H,H,H,H,B,H,H,B,B,H,B,B,H,H,D,146,8,D8Mit266,44.5,93.092599,D,D,H,H,B,H,H,H,B,H,H,H,H,B,H,H,D,H,B,B,H,H,D,H,H,D,H,D,H,B,H,D,D,D,B,D,D,H,B,D,H,H,H,H,H,B,H,H,B,B,H,B,B,H,H,D,146
 , , , , , , ,8,D8Mit242,47.9,104.648705,D,D,H,H,B,H,H,D,B,H,H,H,H,B,H,H,D,H,B,H,H,H,D,H,H,D,H,D,H,B,H,D,D,D,B,D,D,H,B,D,H,H,H,H,H,B,H,H,B,B,H,B,B,H,B,D,147,8,D8Mit242,47.9,104.648705,D,D,H,H,B,H,H,D,B,H,H,H,H,B,H,H,D,H,B,H,H,H,D,H,H,D,H,D,H,B,H,D,D,D,B,D,D,H,B,D,H,H,H,H,H,B,H,H,B,B,H,B,B,H,B,D,147
 , , , , , , ,8,D8Mit113,52,111.730174,D,D,H,H,H,H,H,D,B,H,H,H,H,B,H,H,H,H,B,H,H,H,D,H,B,D,H,D,H,B,H,D,D,D,B,H,D,B,B,D,H,D,H,H,H,B,H,H,B,B,H,B,B,B,B,D,148,8,D8Mit113,52.0,111.730174,D,D,H,H,H,H,H,D,B,H,H,H,H,B,H,H,H,H,B,H,H,H,D,H,B,D,H,D,H,B,H,D,D,D,B,H,D,B,B,D,H,D,H,H,H,B,H,H,B,B,H,B,B,B,B,D,148
 , , , , , , ,8,D8Mit360,59,119.607164,D,D,H,H,H,D,H,D,H,H,H,H,H,B,H,H,H,H,B,H,H,H,H,H,B,D,H,D,H,B,H,D,D,D,B,H,D,B,B,D,H,D,H,H,H,B,H,H,B,B,B,B,B,B,H,D,149,8,D8Mit360,59.0,119.607164,D,D,H,H,H,D,H,D,H,H,H,H,H,B,H,H,H,H,B,H,H,H,H,H,B,D,H,D,H,B,H,D,D,D,B,H,D,B,B,D,H,D,H,H,H,B,H,H,B,B,B,B,B,B,H,D,149
 , , , , , , ,8,D8Mit156,74.3,131.781593,D,D,H,H,D,D,H,H,H,H,D,H,H,B,H,H,H,H,B,H,B,D,H,H,B,D,H,D,H,B,H,D,D,D,B,H,D,H,D,D,H,D,H,D,H,H,H,B,B,B,H,D,B,B,H,D,150,8,D8Mit156,74.3,131.781593,D,D,H,H,D,D,H,H,H,H,D,H,H,B,H,H,H,H,B,H,B,D,H,H,B,D,H,D,H,B,H,D,D,D,B,H,D,H,D,D,H,D,H,D,H,H,H,B,B,B,H,D,B,B,H,D,150
 , , , , , , ,9,D9Msw3,2,3.0,B,D,H,H,B,D,B,H,D,B,B,H,H,B,D,H,H,D,H,H,H,H,D,D,H,H,H,B,D,B,H,H,H,H,D,H,H,D,H,H,H,B,B,H,D,D,H,H,H,H,H,D,H,H,H,H,151,9,D9Msw3,2.0,3.0,B,D,H,H,B,D,B,H,D,B,B,H,H,B,D,H,H,D,H,H,H,H,D,D,H,H,H,B,D,B,H,H,H,H,D,H,H,D,H,H,H,B,B,H,D,D,H,H,H,H,H,D,H,H,H,H,151
 , , , , , , ,9,D9Mit90,9,32.250019,B,D,H,H,H,D,B,H,H,B,B,H,H,H,H,B,H,D,H,H,D,H,H,H,H,D,B,B,D,H,B,H,H,B,D,H,H,D,H,H,H,B,B,B,D,H,D,H,B,H,H,D,H,H,H,B,152,9,D9Mit90,9.0,32.250019,B,D,H,H,H,D,B,H,H,B,B,H,H,H,H,B,H,D,H,H,D,H,H,H,H,D,B,B,D,H,B,H,H,B,D,H,H,D,H,H,H,B,B,B,D,H,D,H,B,H,H,D,H,H,H,B,152
 , , , , , , ,9,D9Mit227,23,41.241934,H,D,H,H,H,D,B,H,B,B,B,H,H,D,H,B,H,D,H,H,D,H,H,H,H,D,B,B,D,H,B,H,H,B,D,H,H,D,H,H,H,B,B,B,D,B,D,H,B,H,B,D,H,H,H,B,153,9,D9Mit227,23.0,41.241934,H,D,H,H,H,D,B,H,B,B,B,H,H,D,H,B,H,D,H,H,D,H,H,H,H,D,B,B,D,H,B,H,H,B,D,H,H,D,H,H,H,B,B,B,D,B,D,H,B,H,B,D,H,H,H,B,153
 , , , , , , ,9,D9Mit4,29,51.875542,H,D,H,H,H,D,H,H,B,B,B,H,H,D,H,B,H,D,D,H,D,H,H,H,H,D,B,B,D,H,B,H,H,H,D,H,H,D,H,H,H,B,B,B,D,B,D,H,B,H,B,D,H,H,H,B,154,9,D9Mit4,29.0,51.875542,H,D,H,H,H,D,H,H,B,B,B,H,H,D,H,B,H,D,D,H,D,H,H,H,H,D,B,B,D,H,B,H,H,H,D,H,H,D,H,H,H,B,B,B,D,B,D,H,B,H,B,D,H,H,H,B,154
 , , , , , , ,9,D9Mit336,35,65.375869,H,D,H,H,H,D,H,H,B,B,H,H,H,D,B,B,H,D,D,H,D,H,H,H,H,H,B,B,D,H,B,H,H,H,D,B,H,H,D,H,H,B,B,B,D,B,D,H,B,H,B,B,D,H,H,B,155,9,D9Mit336,35.0,65.375869,H,D,H,H,H,D,H,H,B,B,H,H,H,D,B,B,H,D,D,H,D,H,H,H,H,H,B,B,D,H,B,H,H,H,D,B,H,H,D,H,H,B,B,B,D,B,D,H,B,H,B,B,D,H,H,B,155
 , , , , , , ,9,D9Mit263,42,75.4261,H,D,D,H,D,D,H,H,B,H,H,H,H,D,B,B,H,D,D,D,D,H,H,H,D,H,B,B,D,H,B,H,H,H,H,B,H,H,D,H,D,B,H,B,D,B,D,H,B,H,B,B,D,H,H,H,156,9,D9Mit263,42.0,75.4261,H,D,D,H,D,D,H,H,B,H,H,H,H,D,B,B,H,D,D,D,D,H,H,H,D,H,B,B,D,H,B,H,H,H,H,B,H,H,D,H,D,B,H,B,D,B,D,H,B,H,B,B,D,H,H,H,156
 , , , , , , ,9,D9Mit236,43,79.876594,H,D,D,H,D,D,H,H,B,H,H,H,H,D,B,B,B,D,D,D,D,H,H,H,D,H,B,H,D,H,B,H,H,H,H,B,H,H,D,H,D,B,H,B,D,B,D,H,B,H,B,B,D,H,H,H,157,9,D9Mit236,43.0,79.876594,H,D,D,H,D,D,H,H,B,H,H,H,H,D,B,B,B,D,D,D,D,H,H,H,D,H,B,H,D,H,B,H,H,H,H,B,H,H,D,H,D,B,H,B,D,B,D,H,B,H,B,B,D,H,H,H,157
 , , , , , , ,9,D9Mit11,47,86.036562,H,D,D,H,D,D,H,H,B,H,H,H,B,D,B,B,B,D,D,D,D,H,H,H,D,H,B,H,H,H,H,H,H,H,H,B,H,H,D,H,D,B,H,B,D,B,D,H,B,H,B,B,D,H,H,H,158,9,D9Mit11,47.0,86.036562,H,D,D,H,D,D,H,H,B,H,H,H,B,D,B,B,B,D,D,D,D,H,H,H,D,H,B,H,H,H,H,H,H,H,H,B,H,H,D,H,D,B,H,B,D,B,D,H,B,H,B,B,D,H,H,H,158
 , , , , , , ,9,D9Mit274,49,96.207161,H,D,D,H,D,H,H,H,B,H,H,H,H,H,B,H,B,D,D,D,D,H,H,H,D,H,B,H,H,H,H,H,H,H,H,B,H,H,D,H,D,B,H,B,D,B,H,H,B,H,B,B,D,H,H,H,159,9,D9Mit274,49.0,96.207161,H,D,D,H,D,H,H,H,B,H,H,H,H,H,B,H,B,D,D,D,D,H,H,H,D,H,B,H,H,H,H,H,H,H,H,B,H,H,D,H,D,B,H,B,D,B,H,H,B,H,B,B,D,H,H,H,159
 , , , , , , ,9,D9Mit53,57,104.640381,D,D,D,H,D,H,H,H,B,H,H,H,H,H,B,H,B,D,D,D,D,H,H,H,D,H,B,H,H,D,D,H,H,H,H,H,H,H,D,H,D,B,H,H,D,B,H,H,B,H,B,B,D,H,H,H,160,9,D9Mit53,57.0,104.640381,D,D,D,H,D,H,H,H,B,H,H,H,H,H,B,H,B,D,D,D,D,H,H,H,D,H,B,H,H,D,D,H,H,H,H,H,H,H,D,H,D,B,H,H,D,B,H,H,B,H,B,B,D,H,H,H,160
 , , , , , , ,9,D9Mit243,61.8,113.225589,D,D,D,H,D,H,H,H,B,H,H,H,H,H,B,H,B,D,H,D,D,H,H,H,D,H,B,H,H,D,D,B,H,H,H,H,H,H,H,H,D,B,H,D,D,B,B,H,B,H,B,B,D,H,H,H,161,9,D9Mit243,61.8,113.225589,D,D,D,H,D,H,H,H,B,H,H,H,H,H,B,H,B,D,H,D,D,H,H,H,D,H,B,H,H,D,D,B,H,H,H,H,H,H,H,H,D,B,H,D,D,B,B,H,B,H,B,B,D,H,H,H,161
 , , , , , , ,9,D9Mit19,71,120.211466,D,D,D,H,D,B,H,H,H,D,H,H,H,H,B,B,B,D,B,D,D,H,D,H,D,B,B,H,B,D,D,B,H,H,H,H,H,H,H,H,D,B,H,D,H,H,B,H,H,H,B,B,D,B,H,H,162,9,D9Mit19,71.0,120.211466,D,D,D,H,D,B,H,H,H,D,H,H,H,H,B,B,B,D,B,D,D,H,D,H,D,B,B,H,B,D,D,B,H,H,H,H,H,H,H,H,D,B,H,D,H,H,B,H,H,H,B,B,D,B,H,H,162
 , , , , , , ,10,D10Mit28,4,9.103564,H,H,B,H,H,D,H,H,H,B,B,H,B,H,H,H,B,H,B,B,H,D,H,D,B,D,H,B,H,B,H,B,B,H,D,H,D,H,H,B,D,H,H,D,D,B,B,B,H,H,D,D,B,D,B,D,163,10,D10Mit28,4.0,9.103564,H,H,B,H,H,D,H,H,H,B,B,H,B,H,H,H,B,H,B,B,H,D,H,D,B,D,H,B,H,B,H,B,B,H,D,H,D,H,H,B,D,H,H,D,D,B,B,B,H,H,D,D,B,D,B,D,163
 , , , , , , ,10,D10Mit247,7,15.44751,H,H,B,H,H,D,H,H,H,B,B,H,B,H,H,H,B,H,B,B,H,D,H,D,B,D,H,B,H,B,H,B,B,H,D,H,D,H,H,B,D,H,H,D,D,B,B,B,H,H,D,D,B,D,B,D,164,10,D10Mit247,7.0,15.44751,H,H,B,H,H,D,H,H,H,B,B,H,B,H,H,H,B,H,B,B,H,D,H,D,B,D,H,B,H,B,H,B,B,H,D,H,D,H,H,B,D,H,H,D,D,B,B,B,H,H,D,D,B,D,B,D,164
 , , , , , , ,10,D10Msw20,12,20.033445,H,H,B,H,H,D,H,H,H,B,B,H,B,H,H,H,B,H,B,B,H,D,H,D,B,D,H,B,H,B,D,B,B,H,D,H,D,H,H,B,D,H,H,D,D,B,B,B,H,H,D,D,B,D,H,D,165,10,D10Msw20,12.0,20.033445,H,H,B,H,H,D,H,H,H,B,B,H,B,H,H,H,B,H,B,B,H,D,H,D,B,D,H,B,H,B,D,B,B,H,D,H,D,H,H,B,D,H,H,D,D,B,B,B,H,H,D,D,B,D,H,D,165
 , , , , , , ,10,D10Mit3,21,28.841601,H,H,B,H,H,D,H,H,H,B,B,H,B,H,H,H,B,B,H,B,H,D,H,D,H,D,B,B,H,H,D,B,B,D,D,B,D,H,B,B,D,H,B,D,D,B,B,B,H,H,D,D,B,D,H,D,166,10,D10Mit3,21.0,28.841601,H,H,B,H,H,D,H,H,H,B,B,H,B,H,H,H,B,B,H,B,H,D,H,D,H,D,B,B,H,H,D,B,B,D,D,B,D,H,B,B,D,H,B,D,D,B,B,B,H,H,D,D,B,D,H,D,166
 , , , , , , ,10,D10Mit194,29,46.532721,H,H,B,H,H,D,H,H,H,B,B,H,B,H,H,H,B,B,H,B,H,H,H,D,H,D,H,H,H,H,D,B,B,D,D,B,H,H,D,B,D,H,B,D,D,B,B,H,H,H,D,D,B,D,H,D,167,10,D10Mit194,29.0,46.532721,H,H,B,H,H,D,H,H,H,B,B,H,B,H,H,H,B,B,H,B,H,H,H,D,H,D,H,H,H,H,D,B,B,D,D,B,H,H,D,B,D,H,B,D,D,B,B,H,H,H,D,D,B,D,H,D,167
 , , , , , , ,10,D10Mit15,33,66.407799,H,H,B,H,H,D,H,H,H,B,B,B,H,H,H,H,B,B,H,B,H,H,H,D,D,D,H,B,H,H,D,H,H,D,D,B,H,H,D,B,D,H,B,D,H,H,H,H,H,D,D,D,B,H,H,D,168,10,D10Mit15,33.0,66.407799,H,H,B,H,H,D,H,H,H,B,B,B,H,H,H,H,B,B,H,B,H,H,H,D,D,D,H,B,H,H,D,H,H,D,D,B,H,H,D,B,D,H,B,D,H,H,H,H,H,D,D,D,B,H,H,D,168
 , , , , , , ,10,D10Mit186,40,75.12485,H,H,B,H,H,H,D,H,B,B,B,B,H,H,H,H,B,B,D,B,H,H,H,D,D,D,H,B,H,H,D,H,H,D,D,B,H,H,D,B,D,H,B,D,H,H,H,H,B,D,D,D,B,H,H,D,169,10,D10Mit186,40.0,75.12485,H,H,B,H,H,H,D,H,B,B,B,B,H,H,H,H,B,B,D,B,H,H,H,D,D,D,H,B,H,H,D,H,H,D,D,B,H,H,D,B,D,H,B,D,H,H,H,H,B,D,D,D,B,H,H,D,169
 , , , , , , ,10,D10Mit261,47,85.048916,H,H,B,H,B,H,D,H,B,B,B,B,H,H,H,H,B,B,D,B,H,H,H,D,D,H,H,B,H,H,D,H,H,D,D,B,H,H,D,B,D,H,B,D,H,H,H,H,B,D,D,D,B,H,H,D,170,10,D10Mit261,47.0,85.048916,H,H,B,H,B,H,D,H,B,B,B,B,H,H,H,H,B,B,D,B,H,H,H,D,D,H,H,B,H,H,D,H,H,D,D,B,H,H,D,B,D,H,B,D,H,H,H,H,B,D,D,D,B,H,H,D,170
 , , , , , , ,10,D10Mit11,50,91.852413,H,H,B,H,B,H,D,H,B,B,B,B,H,H,H,H,H,H,D,B,H,H,H,D,D,H,H,B,H,H,H,H,D,D,D,B,H,H,D,B,D,B,B,D,H,H,H,H,B,D,D,D,B,H,D,D,171,10,D10Mit11,50.0,91.852413,H,H,B,H,B,H,D,H,B,B,B,B,H,H,H,H,H,H,D,B,H,H,H,D,D,H,H,B,H,H,H,H,D,D,D,B,H,H,D,B,D,B,B,D,H,H,H,H,B,D,D,D,B,H,D,D,171
 , , , , , , ,10,D10Mit70,60,103.502904,H,H,B,B,B,H,D,D,B,B,B,B,H,H,H,H,H,H,D,B,H,D,H,D,D,H,H,B,H,H,H,H,D,D,D,B,H,B,D,B,D,B,B,D,H,H,H,H,B,D,H,D,B,H,H,H,172,10,D10Mit70,60.0,103.502904,H,H,B,B,B,H,D,D,B,B,B,B,H,H,H,H,H,H,D,B,H,D,H,D,D,H,H,B,H,H,H,H,D,D,D,B,H,B,D,B,D,B,B,D,H,H,H,H,B,D,H,D,B,H,H,H,172
 , , , , , , ,10,D10Mit233,62,113.785305,H,H,H,B,H,H,D,H,B,B,B,B,H,H,B,H,D,H,D,B,H,D,H,D,D,H,H,B,H,H,H,H,D,D,D,B,H,B,D,H,H,B,B,D,H,H,H,H,B,D,H,H,B,H,H,H,173,10,D10Mit233,62.0,113.785305,H,H,H,B,H,H,D,H,B,B,B,B,H,H,B,H,D,H,D,B,H,D,H,D,D,H,H,B,H,H,H,H,D,D,D,B,H,B,D,H,H,B,B,D,H,H,H,H,B,D,H,H,B,H,H,H,173
 , , , , , , ,10,D10Mit14,65,118.064251,H,H,H,B,H,H,D,H,B,B,B,B,H,H,B,H,D,H,D,B,H,D,H,D,H,H,H,B,H,B,B,H,D,D,D,B,H,B,H,H,H,B,B,D,H,H,H,H,B,D,H,H,B,B,H,H,174,10,D10Mit14,65.0,118.064251,H,H,H,B,H,H,D,H,B,B,B,B,H,H,B,H,D,H,D,B,H,D,H,D,H,H,H,B,H,B,B,H,D,D,D,B,H,B,H,H,H,B,B,D,H,H,H,H,B,D,H,H,B,B,H,H,174
 , , , , , , ,10,D10Mit297,70,124.450229,H,H,D,B,H,H,D,H,B,B,B,B,H,H,H,H,D,H,D,B,D,D,D,D,H,H,D,B,H,B,B,H,D,H,D,B,H,B,H,H,H,B,B,D,H,H,H,H,B,D,H,B,B,B,H,H,175,10,D10Mit297,70.0,124.450229,H,H,D,B,H,H,D,H,B,B,B,B,H,H,H,H,D,H,D,B,D,D,D,D,H,H,D,B,H,B,B,H,D,H,D,B,H,B,H,H,H,B,B,D,H,H,H,H,B,D,H,B,B,B,H,H,175
 , , , , , , ,11,D11Mit226,1,8.804957,H,D,B,H,D,H,H,B,B,H,H,D,D,B,H,H,D,H,H,B,H,H,H,B,D,H,H,H,B,B,H,H,D,B,B,H,D,H,B,H,H,H,H,H,H,H,D,D,H,H,B,D,H,B,B,D,176,11,D11Mit226,1.0,8.804957,H,D,B,H,D,H,H,B,B,H,H,D,D,B,H,H,D,H,H,B,H,H,H,B,D,H,H,H,B,B,H,H,D,B,B,H,D,H,B,H,H,H,H,H,H,H,D,D,H,H,B,D,H,B,B,D,176
 , , , , , , ,11,D11Mit78,3,17.844333,B,D,H,H,D,H,H,H,B,H,H,D,D,B,H,H,D,H,H,B,H,H,H,B,D,H,H,H,B,B,H,H,D,H,H,H,D,H,H,H,H,H,H,H,H,H,D,D,H,H,B,D,D,B,B,D,177,11,D11Mit78,3.0,17.844333,B,D,H,H,D,H,H,H,B,H,H,D,D,B,H,H,D,H,H,B,H,H,H,B,D,H,H,H,B,B,H,H,D,H,H,H,D,H,H,H,H,H,H,H,H,H,D,D,H,H,B,D,D,B,B,D,177
 , , , , , , ,11,D11Mit82,11,25.961779,B,H,H,H,D,H,H,H,B,B,H,D,D,B,H,H,D,H,H,B,H,H,H,B,H,H,H,H,B,B,H,H,D,H,H,H,D,H,H,H,H,H,H,H,H,H,D,D,H,H,B,D,D,B,B,H,178,11,D11Mit82,11.0,25.961779,B,H,H,H,D,H,H,H,B,B,H,D,D,B,H,H,D,H,H,B,H,H,H,B,H,H,H,H,B,B,H,H,D,H,H,H,D,H,H,H,H,H,H,H,H,H,D,D,H,H,B,D,D,B,B,H,178
 , , , , , , ,11,D11Mit51,18,36.235172,B,H,H,H,D,H,H,H,B,H,B,D,D,B,H,H,D,H,H,B,H,H,H,B,H,H,H,H,B,B,H,H,D,D,H,H,D,H,D,B,H,D,H,H,H,H,D,D,H,H,B,D,D,H,B,H,179,11,D11Mit51,18.0,36.235172,B,H,H,H,D,H,H,H,B,H,B,D,D,B,H,H,D,H,H,B,H,H,H,B,H,H,H,H,B,B,H,H,D,D,H,H,D,H,D,B,H,D,H,H,H,H,D,D,H,H,B,D,D,H,B,H,179
 , , , , , , ,11,D11Mit20,20,44.582633,B,H,H,H,D,H,H,D,B,H,B,D,D,B,H,H,H,H,D,B,H,H,H,B,H,D,H,H,B,B,H,H,D,D,H,H,D,H,D,B,H,D,H,H,H,H,D,D,H,H,B,D,D,H,B,H,180,11,D11Mit20,20.0,44.582633,B,H,H,H,D,H,H,D,B,H,B,D,D,B,H,H,H,H,D,B,H,H,H,B,H,D,H,H,B,B,H,H,D,D,H,H,D,H,D,B,H,D,H,H,H,H,D,D,H,H,B,D,D,H,B,H,180
 , , , , , , ,11,D11Mit86,28,54.033537,B,H,H,H,D,H,H,D,B,H,B,H,D,B,H,H,H,H,D,B,H,H,H,B,H,D,H,H,B,B,H,H,D,D,H,H,D,H,D,B,H,D,H,H,B,H,D,D,H,H,B,D,D,H,B,H,181,11,D11Mit86,28.0,54.033537,B,H,H,H,D,H,H,D,B,H,B,H,D,B,H,H,H,H,D,B,H,H,H,B,H,D,H,H,B,B,H,H,D,D,H,H,D,H,D,B,H,D,H,H,B,H,D,D,H,H,B,D,D,H,B,H,181
 , , , , , , ,11,D11Mit177,36,65.029079,B,H,H,H,D,H,B,D,B,H,B,H,H,H,H,H,B,H,D,B,H,H,B,B,B,H,H,H,B,D,H,H,H,D,H,H,H,H,D,B,H,D,H,H,B,H,D,D,H,H,H,D,D,H,H,H,182,11,D11Mit177,36.0,65.029079,B,H,H,H,D,H,B,D,B,H,B,H,H,H,H,H,B,H,D,B,H,H,B,B,B,H,H,H,B,D,H,H,H,D,H,H,H,H,D,B,H,D,H,H,B,H,D,D,H,H,H,D,D,H,H,H,182
 , , , , , , ,11,D11Mit30,40,69.610267,B,H,H,H,D,H,B,D,B,H,B,H,H,H,H,H,B,H,D,B,H,H,B,B,B,H,H,H,B,D,H,H,H,D,H,H,B,H,D,B,H,D,H,H,B,H,D,D,H,H,H,D,D,H,H,H,183,11,D11Mit30,40.0,69.610267,B,H,H,H,D,H,B,D,B,H,B,H,H,H,H,H,B,H,D,B,H,H,B,B,B,H,H,H,B,D,H,H,H,D,H,H,B,H,D,B,H,D,H,H,B,H,D,D,H,H,H,D,D,H,H,H,183
 , , , , , , ,11,D11Mit90,42,70.315956,B,H,H,H,D,H,B,D,B,H,B,H,H,H,H,H,B,H,D,B,H,H,B,B,B,H,H,H,B,D,H,H,H,D,H,H,B,H,D,B,H,D,H,H,B,H,D,D,H,H,H,D,D,H,H,H,184,11,D11Mit90,42.0,70.315956,B,H,H,H,D,H,B,D,B,H,B,H,H,H,H,H,B,H,D,B,H,H,B,B,B,H,H,H,B,D,H,H,H,D,H,H,B,H,D,B,H,D,H,H,B,H,D,D,H,H,H,D,D,H,H,H,184
 , , , , , , ,11,D11Mit195,47,84.656692,B,H,H,H,D,H,B,D,B,H,B,H,H,H,H,H,H,H,D,B,H,H,B,B,H,H,H,H,B,D,H,H,H,D,H,H,B,H,D,B,H,D,H,H,B,H,D,H,H,H,H,D,D,H,H,H,185,11,D11Mit195,47.0,84.656692,B,H,H,H,D,H,B,D,B,H,B,H,H,H,H,H,H,H,D,B,H,H,B,B,H,H,H,H,B,D,H,H,H,D,H,H,B,H,D,B,H,D,H,H,B,H,D,H,H,H,H,D,D,H,H,H,185
 , , , , , , ,11,D11Mit179,52,89.651388,B,H,D,H,D,H,B,D,B,H,B,H,H,H,H,H,B,H,D,B,H,H,B,B,H,H,H,H,B,D,B,H,H,D,H,H,B,H,D,B,H,D,D,H,B,B,D,H,H,H,H,D,D,H,H,H,186,11,D11Mit179,52.0,89.651388,B,H,D,H,D,H,B,D,B,H,B,H,H,H,H,H,B,H,D,B,H,H,B,B,H,H,H,H,B,D,B,H,H,D,H,H,B,H,D,B,H,D,D,H,B,B,D,H,H,H,H,D,D,H,H,H,186
 , , , , , , ,11,D11Mit263,55,95.557728,B,H,D,H,D,D,B,D,B,H,B,H,H,H,H,H,B,B,D,B,H,H,B,B,H,H,H,H,B,D,B,H,H,D,H,H,B,H,D,B,H,D,D,H,B,B,D,H,H,D,H,D,D,B,H,H,187,11,D11Mit263,55.0,95.557728,B,H,D,H,D,D,B,D,B,H,B,H,H,H,H,H,B,B,D,B,H,H,B,B,H,H,H,H,B,D,B,H,H,D,H,H,B,H,D,B,H,D,D,H,B,B,D,H,H,D,H,D,D,B,H,H,187
 , , , , , , ,11,D11Mit67,56,96.822956,B,H,D,H,D,D,B,D,B,H,B,H,H,H,H,H,B,B,D,H,H,H,B,B,H,H,H,H,B,D,B,H,H,D,H,H,B,H,D,B,H,D,D,H,B,B,D,H,H,D,H,D,D,H,H,H,188,11,D11Mit67,56.0,96.822956,B,H,D,H,D,D,B,D,B,H,B,H,H,H,H,H,B,B,D,H,H,H,B,B,H,H,H,H,B,D,B,H,H,D,H,H,B,H,D,B,H,D,D,H,B,B,D,H,H,D,H,D,D,H,H,H,188
 , , , , , , ,11,D11Mit199,62,101.703857,B,H,D,H,D,D,B,D,B,D,B,H,H,H,H,H,B,B,D,H,H,H,B,B,H,H,H,H,B,D,B,H,H,D,H,H,B,H,D,B,H,D,D,H,B,B,D,H,H,D,H,D,D,H,H,H,189,11,D11Mit199,62.0,101.703857,B,H,D,H,D,D,B,D,B,D,B,H,H,H,H,H,B,B,D,H,H,H,B,B,H,H,H,H,B,D,B,H,H,D,H,H,B,H,D,B,H,D,D,H,B,B,D,H,H,D,H,D,D,H,H,H,189
 , , , , , , ,11,D11Mit58,65,104.392526,B,H,D,H,D,D,B,D,B,D,B,H,H,H,H,H,B,B,D,H,H,H,B,B,H,H,H,H,B,D,B,D,H,D,H,H,B,H,D,B,H,D,D,H,B,B,D,H,H,D,H,D,D,B,H,H,190,11,D11Mit58,65.0,104.392526,B,H,D,H,D,D,B,D,B,D,B,H,H,H,H,H,B,B,D,H,H,H,B,B,H,H,H,H,B,D,B,D,H,D,H,H,B,H,D,B,H,D,D,H,B,B,D,H,H,D,H,D,D,B,H,H,190
 , , , , , , ,11,D11Mit181,66.5,109.144439,B,H,D,H,D,D,B,D,H,D,B,H,H,H,H,H,B,B,D,H,H,B,B,B,H,H,H,H,B,D,B,D,H,D,H,H,B,H,D,B,B,D,D,H,B,B,D,H,H,D,H,D,D,B,H,H,191,11,D11Mit181,66.5,109.144439,B,H,D,H,D,D,B,D,H,D,B,H,H,H,H,H,B,B,D,H,H,B,B,B,H,H,H,H,B,D,B,D,H,D,H,H,B,H,D,B,B,D,D,H,B,B,D,H,H,D,H,D,D,B,H,H,191
 , , , , , , ,11,D11Mit338,74.5,115.277872,H,H,D,H,D,D,B,D,H,D,H,H,H,D,D,D,B,B,D,D,H,H,H,B,H,H,H,H,H,D,B,H,H,D,H,D,B,H,D,B,B,D,D,H,B,B,D,B,H,D,H,D,D,B,H,H,192,11,D11Mit338,74.5,115.277872,H,H,D,H,D,D,B,D,H,D,H,H,H,D,D,D,B,B,D,D,H,H,H,B,H,H,H,H,H,D,B,H,H,D,H,D,B,H,D,B,B,D,D,H,B,B,D,B,H,D,H,D,D,B,H,H,192
 , , , , , , ,11,D11Mit48,77,117.947853,H,H,D,H,D,D,B,D,H,D,H,H,H,D,D,D,B,B,D,D,H,H,H,B,H,H,H,H,H,D,B,H,H,D,H,D,B,H,D,B,B,D,D,H,B,B,D,B,H,D,H,D,H,B,H,H,193,11,D11Mit48,77.0,117.947853,H,H,D,H,D,D,B,D,H,D,H,H,H,D,D,D,B,B,D,D,H,H,H,B,H,H,H,H,H,D,B,H,H,D,H,D,B,H,D,B,B,D,D,H,B,B,D,B,H,D,H,D,H,B,H,H,193
 , , , , , , ,12,D12Mit182,2,10.89661,H,B,H,B,H,H,H,D,H,H,B,B,H,H,H,H,H,H,H,H,H,H,B,D,H,H,H,H,H,H,D,H,H,H,B,H,B,B,H,D,H,H,D,H,H,H,B,D,H,H,B,H,B,D,D,H,194,12,D12Mit182,2.0,10.89661,H,B,H,B,H,H,H,D,H,H,B,B,H,H,H,H,H,H,H,H,H,H,B,D,H,H,H,H,H,H,D,H,H,H,B,H,B,B,H,D,H,H,D,H,H,H,B,D,H,H,B,H,B,D,D,H,194
 , , , , , , ,12,D12Mit219,7,27.027221,B,B,H,B,H,H,H,D,D,H,B,B,H,H,H,D,H,H,H,H,H,H,B,D,H,H,H,H,H,H,D,H,H,H,B,H,B,B,H,D,H,H,D,H,D,H,B,D,H,H,B,H,B,D,D,H,195,12,D12Mit219,7.0,27.027221,B,B,H,B,H,H,H,D,D,H,B,B,H,H,H,D,H,H,H,H,H,H,B,D,H,H,H,H,H,H,D,H,H,H,B,H,B,B,H,D,H,H,D,H,D,H,B,D,H,H,B,H,B,D,D,H,195
 , , , , , , ,12,D12Mit153,15,35.820568,H,B,H,B,H,H,H,H,D,H,B,B,H,H,H,D,H,H,H,H,H,H,B,D,H,H,H,H,H,H,D,H,H,D,B,H,B,B,H,D,H,H,D,H,D,H,B,D,H,H,B,H,B,D,D,H,196,12,D12Mit153,15.0,35.820568,H,B,H,B,H,H,H,H,D,H,B,B,H,H,H,D,H,H,H,H,H,H,B,D,H,H,H,H,H,H,D,H,H,D,B,H,B,B,H,D,H,H,D,H,D,H,B,D,H,H,B,H,B,D,D,H,196
 , , , , , , ,12,D12Mit2,19,42.516677,H,B,H,H,H,H,H,H,D,H,B,B,H,H,H,D,H,H,H,H,H,H,B,D,H,H,H,H,H,H,D,H,H,D,B,H,B,B,H,D,H,H,D,H,D,H,B,D,H,H,B,B,B,D,D,D,197,12,D12Mit2,19.0,42.516677,H,B,H,H,H,H,H,H,D,H,B,B,H,H,H,D,H,H,H,H,H,H,B,D,H,H,H,H,H,H,D,H,H,D,B,H,B,B,H,D,H,H,D,H,D,H,B,D,H,H,B,B,B,D,D,D,197
 , , , , , , ,12,D12Mit285,23,55.57075,B,H,H,H,B,H,H,H,D,H,B,B,H,H,H,D,H,H,H,H,H,H,B,D,H,H,H,H,H,H,D,H,H,H,B,H,B,B,H,D,H,H,D,H,D,H,B,D,H,H,B,B,B,D,B,D,198,12,D12Mit285,23.0,55.57075,B,H,H,H,B,H,H,H,D,H,B,B,H,H,H,D,H,H,H,H,H,H,B,D,H,H,H,H,H,H,D,H,H,H,B,H,B,B,H,D,H,H,D,H,D,H,B,D,H,H,B,B,B,D,B,D,198
 , , , , , , ,12,D12Mit36,23.5,61.57326,B,H,H,H,B,H,H,H,D,H,B,B,H,H,H,D,H,H,H,H,H,H,B,D,H,H,H,H,H,H,D,H,H,H,B,H,B,B,H,D,H,H,D,H,D,H,B,D,H,H,B,B,B,H,B,D,199,12,D12Mit36,23.5,61.57326,B,H,H,H,B,H,H,H,D,H,B,B,H,H,H,D,H,H,H,H,H,H,B,D,H,H,H,H,H,H,D,H,H,H,B,H,B,B,H,D,H,H,D,H,D,H,B,D,H,H,B,B,B,H,B,D,199
 , , , , , , ,12,D12Mit114,24.5,71.003832,B,H,H,H,B,H,D,H,D,H,H,H,H,H,H,D,H,H,H,H,H,H,B,D,H,H,H,H,H,H,D,H,H,H,B,H,B,B,H,D,H,H,D,H,D,H,B,D,B,H,B,B,B,H,B,D,200,12,D12Mit114,24.5,71.003832,B,H,H,H,B,H,D,H,D,H,H,H,H,H,H,D,H,H,H,H,H,H,B,D,H,H,H,H,H,H,D,H,H,H,B,H,B,B,H,D,H,H,D,H,D,H,B,D,B,H,B,B,B,H,B,D,200
 , , , , , , ,12,D12Mit158,38,83.537863,B,H,H,H,B,H,D,H,D,H,H,H,H,H,H,D,H,H,H,B,H,H,B,D,H,H,H,H,H,H,B,H,H,H,H,H,B,B,H,D,D,H,H,H,D,H,B,H,B,H,B,B,B,H,B,D,201,12,D12Mit158,38.0,83.537863,B,H,H,H,B,H,D,H,D,H,H,H,H,H,H,D,H,H,H,B,H,H,B,D,H,H,H,H,H,H,B,H,H,H,H,H,B,B,H,D,D,H,H,H,D,H,B,H,B,H,B,B,B,H,B,D,201
 , , , , , , ,12,D12Mit239,44,89.082413,B,H,H,H,B,H,D,H,D,H,H,H,H,H,H,D,H,H,H,H,H,H,B,D,H,H,H,H,H,H,B,H,H,H,H,H,B,B,H,D,D,H,H,H,D,H,B,H,B,H,B,B,B,H,B,D,202,12,D12Mit239,44.0,89.082413,B,H,H,H,B,H,D,H,D,H,H,H,H,H,H,D,H,H,H,H,H,H,B,D,H,H,H,H,H,H,B,H,H,H,H,H,B,B,H,D,D,H,H,H,D,H,B,H,B,H,B,B,B,H,B,D,202
 , , , , , , ,12,D12Mit259,45,92.25214,B,H,H,H,B,H,D,H,D,H,H,D,H,H,H,D,H,H,B,H,H,H,B,D,H,H,H,H,H,H,B,B,B,H,H,H,B,B,H,D,D,H,H,H,D,H,B,H,B,H,B,B,B,H,B,D,203,12,D12Mit259,45.0,92.25214,B,H,H,H,B,H,D,H,D,H,H,D,H,H,H,D,H,H,B,H,H,H,B,D,H,H,H,H,H,H,B,B,B,H,H,H,B,B,H,D,D,H,H,H,D,H,B,H,B,H,B,B,B,H,B,D,203
 , , , , , , ,12,D12Mit231,48,100.966865,B,H,H,H,B,B,D,H,D,H,H,D,H,H,D,D,H,B,B,H,H,H,B,D,H,H,D,H,H,H,B,B,B,H,H,H,B,B,H,D,D,D,H,H,D,H,B,H,B,H,B,B,B,H,B,D,204,12,D12Mit231,48.0,100.966865,B,H,H,H,B,B,D,H,D,H,H,D,H,H,D,D,H,B,B,H,H,H,B,D,H,H,D,H,H,H,B,B,B,H,H,H,B,B,H,D,D,D,H,H,D,H,B,H,B,H,B,B,B,H,B,D,204
 , , , , , , ,12,D12Mit133,56,110.745833,B,H,H,H,B,B,H,H,D,H,H,D,H,H,H,D,H,B,B,H,B,H,B,H,H,D,D,H,B,H,B,H,B,H,H,B,B,B,H,D,D,D,H,H,D,H,B,B,B,H,B,B,B,H,B,D,205,12,D12Mit133,56.0,110.745833,B,H,H,H,B,B,H,H,D,H,H,D,H,H,H,D,H,B,B,H,B,H,B,H,H,D,D,H,B,H,B,H,B,H,H,B,B,B,H,D,D,D,H,H,D,H,B,B,B,H,B,B,B,H,B,D,205
 , , , , , , ,12,D12Mit280,55,111.627451,B,H,H,H,B,B,H,H,D,H,H,D,H,H,H,D,H,B,B,H,B,H,B,H,H,D,D,H,B,H,B,H,B,H,H,B,B,B,H,D,D,D,H,H,D,H,B,B,B,H,B,B,B,H,B,D,206,12,D12Mit280,55.0,111.627451,B,H,H,H,B,B,H,H,D,H,H,D,H,H,H,D,H,B,B,H,B,H,B,H,H,D,D,H,B,H,B,H,B,H,H,B,B,B,H,D,D,D,H,H,D,H,B,B,B,H,B,B,B,H,B,D,206
 , , , , , , ,13,D13Mit57,9,16.779101,D,B,B,B,H,B,D,B,H,D,H,B,B,D,H,B,B,H,B,H,D,H,D,H,H,D,D,D,H,H,H,B,H,H,B,B,D,D,D,H,H,H,H,B,D,H,H,H,H,H,D,H,D,H,H,H,207,13,D13Mit57,9.0,16.779101,D,B,B,B,H,B,D,B,H,D,H,B,B,D,H,B,B,H,B,H,D,H,D,H,H,D,D,D,H,H,H,B,H,H,B,B,D,D,D,H,H,H,H,B,D,H,H,H,H,H,D,H,D,H,H,H,207
 , , , , , , ,13,D13Mit17,10,21.30073,D,B,B,B,H,B,D,B,H,D,H,B,B,D,H,B,B,H,B,H,D,B,D,H,H,D,D,D,H,H,H,B,H,D,B,B,D,D,D,H,H,H,H,B,D,H,H,H,H,H,D,H,D,H,H,H,208,13,D13Mit17,10.0,21.30073,D,B,B,B,H,B,D,B,H,D,H,B,B,D,H,B,B,H,B,H,D,B,D,H,H,D,D,D,H,H,H,B,H,D,B,B,D,D,D,H,H,H,H,B,D,H,H,H,H,H,D,H,D,H,H,H,208
 , , , , , , ,13,D13Mit60,16.1,35.884389,D,B,B,B,H,B,D,B,H,D,H,B,B,D,H,B,B,H,B,H,D,B,D,H,H,D,D,D,D,H,B,B,H,H,H,B,H,D,D,H,B,H,H,H,D,H,H,H,H,H,D,H,D,H,H,D,209,13,D13Mit60,16.1,35.884389,D,B,B,B,H,B,D,B,H,D,H,B,B,D,H,B,B,H,B,H,D,B,D,H,H,D,D,D,D,H,B,B,H,H,H,B,H,D,D,H,B,H,H,H,D,H,H,H,H,H,D,H,D,H,H,D,209
 , , , , , , ,13,D13Mit91,30,46.833823,D,B,H,B,H,B,D,B,H,D,H,B,H,D,H,B,B,H,B,H,D,B,D,H,H,H,D,D,D,D,B,B,H,H,H,B,D,D,D,H,B,H,H,H,D,H,H,H,D,H,D,H,D,H,H,D,210,13,D13Mit91,30.0,46.833823,D,B,H,B,H,B,D,B,H,D,H,B,H,D,H,B,B,H,B,H,D,B,D,H,H,H,D,D,D,D,B,B,H,H,H,B,D,D,D,H,B,H,H,H,D,H,H,H,D,H,D,H,D,H,H,D,210
 , , , , , , ,13,D13Mit13,35,56.491057,D,B,H,B,H,B,H,H,H,D,H,B,D,D,H,B,B,H,B,H,D,B,D,D,B,H,D,D,D,D,B,B,H,H,H,B,D,H,D,H,B,H,H,H,D,H,H,H,D,H,D,H,D,H,H,D,211,13,D13Mit13,35.0,56.491057,D,B,H,B,H,B,H,H,H,D,H,B,D,D,H,B,B,H,B,H,D,B,D,D,B,H,D,D,D,D,B,B,H,H,H,B,D,H,D,H,B,H,H,H,D,H,H,H,D,H,D,H,D,H,H,D,211
 , , , , , , ,13,D13Mit253,37,64.009124,D,B,H,B,H,B,H,H,H,D,H,B,D,D,H,B,B,H,B,H,D,B,D,D,H,H,H,D,D,D,B,H,H,H,H,B,H,H,D,H,B,H,H,H,D,H,H,H,D,H,D,H,D,H,H,D,212,13,D13Mit253,37.0,64.009124,D,B,H,B,H,B,H,H,H,D,H,B,D,D,H,B,B,H,B,H,D,B,D,D,H,H,H,D,D,D,B,H,H,H,H,B,H,H,D,H,B,H,H,H,D,H,H,H,D,H,D,H,D,H,H,D,212
 , , , , , , ,13,D13Mit254,40,76.450482,H,B,H,B,H,B,H,H,H,D,H,B,D,D,H,B,B,H,B,H,D,B,H,D,H,H,H,D,D,D,B,B,H,H,H,B,H,H,D,H,B,H,H,H,D,H,D,H,D,D,D,H,D,H,H,D,213,13,D13Mit254,40.0,76.450482,H,B,H,B,H,B,H,H,H,D,H,B,D,D,H,B,B,H,B,H,D,B,H,D,H,H,H,D,D,D,B,B,H,H,H,B,H,H,D,H,B,H,H,H,D,H,D,H,D,D,D,H,D,H,H,D,213
 , , , , , , ,13,D13Mit126,41,85.806861,H,B,H,B,H,B,H,H,H,D,H,H,D,D,H,B,B,H,B,H,D,B,H,D,H,H,H,D,D,D,B,B,H,H,H,B,H,H,D,H,B,H,B,H,D,H,D,H,D,D,D,H,D,B,B,D,214,13,D13Mit126,41.0,85.806861,H,B,H,B,H,B,H,H,H,D,H,H,D,D,H,B,B,H,B,H,D,B,H,D,H,H,H,D,D,D,B,B,H,H,H,B,H,H,D,H,B,H,B,H,D,H,D,H,D,D,D,H,D,B,B,D,214
 , , , , , , ,13,D13Mit193,43,92.255294,H,B,H,B,H,B,H,H,H,D,H,H,D,H,H,B,B,H,B,H,D,B,H,D,H,H,H,D,D,D,B,B,H,H,H,B,H,H,D,H,B,H,B,H,D,H,D,H,D,D,D,H,D,B,B,D,215,13,D13Mit193,43.0,92.255294,H,B,H,B,H,B,H,H,H,D,H,H,D,H,H,B,B,H,B,H,D,B,H,D,H,H,H,D,D,D,B,B,H,H,H,B,H,H,D,H,B,H,B,H,D,H,D,H,D,D,D,H,D,B,B,D,215
 , , , , , , ,13,D13MIt30,52,102.55314,H,B,H,B,H,B,H,H,H,D,H,H,D,H,H,B,B,H,B,H,D,B,H,D,H,B,H,D,D,D,B,B,H,H,H,B,H,H,D,B,B,H,B,H,D,H,D,H,D,D,H,H,D,H,B,D,216,13,D13MIt30,52.0,102.55314,H,B,H,B,H,B,H,H,H,D,H,H,D,H,H,B,B,H,B,H,D,B,H,D,H,B,H,D,D,D,B,B,H,H,H,B,H,H,D,B,B,H,B,H,D,H,D,H,D,D,H,H,D,H,B,D,216
 , , , , , , ,13,D13Mit148,59.5,109.949632,H,B,H,B,D,B,B,H,H,D,H,H,D,H,H,B,B,H,H,H,D,B,H,D,H,B,H,D,D,H,B,B,H,H,D,H,H,H,D,B,B,H,B,D,H,H,D,H,D,D,B,H,D,H,H,D,217,13,D13Mit148,59.5,109.949632,H,B,H,B,D,B,B,H,H,D,H,H,D,H,H,B,B,H,H,H,D,B,H,D,H,B,H,D,D,H,B,B,H,H,D,H,H,H,D,B,B,H,B,D,H,H,D,H,D,D,B,H,D,H,H,D,217
 , , , , , , ,13,D13Mit262,68,113.935107,H,B,H,B,D,B,B,H,H,D,H,H,D,H,H,B,B,D,H,H,D,B,H,D,H,B,H,D,D,H,H,B,H,H,D,H,H,H,D,B,B,H,B,D,B,H,D,H,D,D,B,H,D,H,H,D,218,13,D13Mit262,68.0,113.935107,H,B,H,B,D,B,B,H,H,D,H,H,D,H,H,B,B,D,H,H,D,B,H,D,H,B,H,D,D,H,H,B,H,H,D,H,H,H,D,B,B,H,B,D,B,H,D,H,D,D,B,H,D,H,H,D,218
 , , , , , , ,13,D13Mit35,75,120.458516,H,H,H,B,D,B,B,H,H,D,H,H,D,H,H,B,B,D,H,H,H,B,H,D,B,B,H,D,D,H,D,B,H,H,D,H,H,H,D,B,B,H,B,D,B,H,D,H,D,D,B,H,D,H,H,D,219,13,D13Mit35,75.0,120.458516,H,H,H,B,D,B,B,H,H,D,H,H,D,H,H,B,B,D,H,H,H,B,H,D,B,B,H,D,D,H,D,B,H,H,D,H,H,H,D,B,B,H,B,D,B,H,D,H,D,D,B,H,D,H,H,D,219
 , , , , , , ,14,D14Mit110,4,6.950972,H,H,H,D,B,B,H,H,H,B,D,B,H,H,H,D,B,H,D,H,H,H,B,D,B,H,H,B,B,B,H,H,D,H,H,H,H,B,D,D,H,D,D,B,H,D,B,B,B,B,B,H,D,H,D,B,220,14,D14Mit110,4.0,6.950972,H,H,H,D,B,B,H,H,H,B,D,B,H,H,H,D,B,H,D,H,H,H,B,D,B,H,H,B,B,B,H,H,D,H,H,H,H,B,D,D,H,D,D,B,H,D,B,B,B,B,B,H,D,H,D,B,220
 , , , , , , ,14,D14Mit98,4,15.316977,H,B,H,D,B,B,H,H,H,B,D,B,H,H,H,D,B,H,D,H,H,H,B,D,B,H,H,B,B,B,H,H,D,H,H,H,H,B,D,D,H,D,D,B,H,D,B,B,B,B,B,H,D,H,D,B,221,14,D14Mit98,4.0,15.316977,H,B,H,D,B,B,H,H,H,B,D,B,H,H,H,D,B,H,D,H,H,H,B,D,B,H,H,B,B,B,H,H,D,H,H,H,H,B,D,D,H,D,D,B,H,D,B,B,B,B,B,H,D,H,D,B,221
 , , , , , , ,14,D14Mit206,5,19.492355,H,D,H,D,B,B,H,H,H,B,D,B,H,H,H,D,B,H,D,H,H,H,B,H,B,H,H,B,B,B,H,H,D,H,H,H,H,B,D,D,H,D,D,B,H,H,B,B,B,B,B,H,D,H,D,B,222,14,D14Mit206,5.0,19.492355,H,D,H,D,B,B,H,H,H,B,D,B,H,H,H,D,B,H,D,H,H,H,B,H,B,H,H,B,B,B,H,H,D,H,H,H,H,B,D,D,H,D,D,B,H,H,B,B,B,B,B,H,D,H,D,B,222
 , , , , , , ,14,D14Mit54,12.5,34.152931,D,D,H,D,B,H,B,H,H,B,H,B,H,H,H,D,B,H,B,H,H,H,B,H,H,B,H,B,B,B,H,H,H,H,B,H,D,B,D,D,H,D,D,B,H,H,H,B,B,B,H,H,D,H,D,B,223,14,D14Mit54,12.5,34.152931,D,D,H,D,B,H,B,H,H,B,H,B,H,H,H,D,B,H,B,H,H,H,B,H,H,B,H,B,B,B,H,H,H,H,B,H,D,B,D,D,H,D,D,B,H,H,H,B,B,B,H,H,D,H,D,B,223
 , , , , , , ,14,D14Mit212,13,38.915694,D,D,H,D,B,H,B,H,D,B,H,B,B,H,H,D,B,H,B,H,H,H,B,H,H,H,H,B,B,B,H,H,H,H,B,H,D,B,D,D,H,D,D,B,H,H,H,B,B,B,H,H,D,H,D,B,224,14,D14Mit212,13.0,38.915694,D,D,H,D,B,H,B,H,D,B,H,B,B,H,H,D,B,H,B,H,H,H,B,H,H,H,H,B,B,B,H,H,H,H,B,H,D,B,D,D,H,D,D,B,H,H,H,B,B,B,H,H,D,H,D,B,224
 , , , , , , ,14,D14Mit142,19.4,53.150731,D,D,H,D,B,H,B,H,D,B,H,B,B,H,H,D,B,H,B,H,B,D,B,H,H,H,H,B,B,B,H,H,H,H,B,H,H,B,D,H,H,H,D,B,H,H,H,H,B,H,H,H,H,H,D,B,225,14,D14Mit142,19.4,53.150731,D,D,H,D,B,H,B,H,D,B,H,B,B,H,H,D,B,H,B,H,B,D,B,H,H,H,H,B,B,B,H,H,H,H,B,H,H,B,D,H,H,H,D,B,H,H,H,H,B,H,H,H,H,H,D,B,225
 , , , , , , ,14,D14Mit234,22.5,58.598068,D,D,H,D,B,H,H,H,D,B,H,B,B,H,H,D,B,H,B,H,B,D,B,H,H,H,H,B,B,B,H,H,H,H,H,H,H,B,D,H,H,H,D,B,H,H,H,H,B,H,H,H,H,H,D,B,226,14,D14Mit234,22.5,58.598068,D,D,H,D,B,H,H,H,D,B,H,B,B,H,H,D,B,H,B,H,B,D,B,H,H,H,H,B,B,B,H,H,H,H,H,H,H,B,D,H,H,H,D,B,H,H,H,H,B,H,H,H,H,H,D,B,226
 , , , , , , ,14,D14Mit262,28.5,66.039729,D,D,H,D,B,H,H,H,D,B,H,B,H,H,H,D,B,H,B,H,B,D,B,H,H,H,H,B,B,B,H,H,H,H,H,H,H,B,D,H,D,H,D,B,H,H,H,H,B,H,H,H,H,H,D,B,227,14,D14Mit262,28.5,66.039729,D,D,H,D,B,H,H,H,D,B,H,B,H,H,H,D,B,H,B,H,B,D,B,H,H,H,H,B,B,B,H,H,H,H,H,H,H,B,D,H,D,H,D,B,H,H,H,H,B,H,H,H,H,H,D,B,227
 , , , , , , ,14,D14Mit115,40,71.580022,H,D,H,D,B,H,H,H,D,B,H,B,H,H,B,D,B,H,B,D,B,D,B,H,H,H,B,B,B,B,H,H,H,H,H,H,H,H,D,H,D,H,D,B,H,H,H,H,B,H,H,H,H,H,D,B,228,14,D14Mit115,40.0,71.580022,H,D,H,D,B,H,H,H,D,B,H,B,H,H,B,D,B,H,B,D,B,D,B,H,H,H,B,B,B,B,H,H,H,H,H,H,H,H,D,H,D,H,D,B,H,H,H,H,B,H,H,H,H,H,D,B,228
 , , , , , , ,14,D14MIt35,43,77.894174,H,D,H,D,B,H,H,H,D,B,H,B,H,H,B,D,B,H,B,D,B,D,B,H,H,H,B,B,B,B,H,H,D,H,H,H,H,H,D,H,D,H,D,B,H,H,H,H,B,H,D,H,H,H,D,B,229,14,D14MIt35,43.0,77.894174,H,D,H,D,B,H,H,H,D,B,H,B,H,H,B,D,B,H,B,D,B,D,B,H,H,H,B,B,B,B,H,H,D,H,H,H,H,H,D,H,D,H,D,B,H,H,H,H,B,H,D,H,H,H,D,B,229
 , , , , , , ,14,D14Mit263,44,87.808172,H,D,H,D,B,H,H,H,D,H,H,B,H,H,B,D,B,H,B,D,B,H,B,H,H,H,B,B,B,B,H,B,D,H,B,H,H,H,D,H,D,H,D,B,H,H,H,H,B,H,D,H,H,H,D,B,230,14,D14Mit263,44.0,87.808172,H,D,H,D,B,H,H,H,D,H,H,B,H,H,B,D,B,H,B,D,B,H,B,H,H,H,B,B,B,B,H,B,D,H,B,H,H,H,D,H,D,H,D,B,H,H,H,H,B,H,D,H,H,H,D,B,230
 , , , , , , ,14,D14Mit228,46.7,98.268217,H,D,H,D,B,H,H,B,D,H,H,B,H,H,B,D,B,H,B,D,B,H,B,H,D,H,B,B,B,B,H,B,D,H,B,H,D,H,D,H,D,H,D,B,H,H,H,H,B,H,D,H,H,H,H,B,231,14,D14Mit228,46.7,98.268217,H,D,H,D,B,H,H,B,D,H,H,B,H,H,B,D,B,H,B,D,B,H,B,H,D,H,B,B,B,B,H,B,D,H,B,H,D,H,D,H,D,H,D,B,H,H,H,H,B,H,D,H,H,H,H,B,231
 , , , , , , ,14,D14Mit165,52.5,105.466267,H,D,H,D,B,H,H,B,D,H,B,B,H,B,B,D,B,H,B,D,B,H,B,H,D,H,B,B,B,H,H,B,D,H,B,H,D,D,D,H,D,H,H,B,H,H,H,H,B,H,D,H,H,H,H,B,232,14,D14Mit165,52.5,105.466267,H,D,H,D,B,H,H,B,D,H,B,B,H,B,B,D,B,H,B,D,B,H,B,H,D,H,B,B,B,H,H,B,D,H,B,H,D,D,D,H,D,H,H,B,H,H,H,H,B,H,D,H,H,H,H,B,232
 , , , , , , ,14,D14Mit185,54,115.779454,H,D,H,H,B,B,H,B,D,H,B,B,H,B,B,D,B,H,B,D,B,H,B,H,D,H,H,H,B,H,H,B,D,H,B,H,D,D,D,H,D,H,H,B,H,H,H,H,H,H,D,B,H,H,H,B,233,14,D14Mit185,54.0,115.779454,H,D,H,H,B,B,H,B,D,H,B,B,H,B,B,D,B,H,B,D,B,H,B,H,D,H,H,H,B,H,H,B,D,H,B,H,D,D,D,H,D,H,H,B,H,H,H,H,H,H,D,B,H,H,H,B,233
 , , , , , , ,14,D14Mit266,59,120.167424,H,H,H,H,B,B,H,B,D,H,B,B,H,H,B,D,H,H,H,D,B,H,H,H,D,H,H,H,B,H,H,B,D,H,B,H,D,D,D,H,D,H,H,B,D,B,H,D,H,H,D,B,H,H,H,B,234,14,D14Mit266,59.0,120.167424,H,H,H,H,B,B,H,B,D,H,B,B,H,H,B,D,H,H,H,D,B,H,H,H,D,H,H,H,B,H,H,B,D,H,B,H,D,D,D,H,D,H,H,B,D,B,H,D,H,H,D,B,H,H,H,B,234
 , , , , , , ,15,D15Mit12,6.4,3.160684,B,H,B,B,H,H,H,H,H,D,B,H,H,H,B,D,B,B,B,B,B,D,B,B,H,D,H,D,H,H,B,H,D,D,B,D,D,B,H,D,D,H,H,D,B,B,B,B,H,H,D,H,D,H,B,B,235,15,D15Mit12,6.4,3.160684,B,H,B,B,H,H,H,H,H,D,B,H,H,H,B,D,B,B,B,B,B,D,B,B,H,D,H,D,H,H,B,H,D,D,B,D,D,B,H,D,D,H,H,D,B,B,B,B,H,H,D,H,D,H,B,B,235
 , , , , , , ,15,D15Mit53,9.2,13.225179,H,H,B,B,H,H,H,H,H,D,B,H,H,H,B,D,B,B,B,B,H,D,B,B,H,D,H,D,H,H,B,H,H,D,B,D,D,B,H,D,H,H,H,H,B,B,B,B,H,H,D,H,D,H,B,B,236,15,D15Mit53,9.2,13.225179,H,H,B,B,H,H,H,H,H,D,B,H,H,H,B,D,B,B,B,B,H,D,B,B,H,D,H,D,H,H,B,H,H,D,B,D,D,B,H,D,H,H,H,H,B,B,B,B,H,H,D,H,D,H,B,B,236
 , , , , , , ,15,D15Mit252,13.2,22.565132,H,H,B,B,H,H,H,H,H,D,B,H,H,H,B,D,B,B,B,B,H,H,B,B,H,D,B,D,H,H,B,H,H,D,H,D,D,H,H,D,H,H,H,H,B,B,B,B,H,H,D,H,D,H,B,B,237,15,D15Mit252,13.2,22.565132,H,H,B,B,H,H,H,H,H,D,B,H,H,H,B,D,B,B,B,B,H,H,B,B,H,D,B,D,H,H,B,H,H,D,H,D,D,H,H,D,H,H,H,H,B,B,B,B,H,H,D,H,D,H,B,B,237
 , , , , , , ,15,D15Mit7,14.5,32.961068,H,H,B,B,H,H,H,H,H,D,B,H,H,H,B,D,B,B,B,B,H,H,B,B,H,D,B,D,H,H,B,H,H,H,H,D,D,H,H,H,H,H,H,H,B,B,B,B,H,H,D,H,D,D,B,B,238,15,D15Mit7,14.5,32.961068,H,H,B,B,H,H,H,H,H,D,B,H,H,H,B,D,B,B,B,B,H,H,B,B,H,D,B,D,H,H,B,H,H,H,H,D,D,H,H,H,H,H,H,H,B,B,B,B,H,H,D,H,D,D,B,B,238
 , , , , , , ,15,D15Mit8,14.6,33.407808,H,H,B,B,H,H,H,H,H,D,B,H,H,H,B,D,B,B,B,B,H,H,B,B,H,D,B,D,H,H,B,H,H,H,H,D,D,H,H,H,H,H,H,H,B,B,B,B,H,H,D,H,D,D,B,B,239,15,D15Mit8,14.6,33.407808,H,H,B,B,H,H,H,H,H,D,B,H,H,H,B,D,B,B,B,B,H,H,B,B,H,D,B,D,H,H,B,H,H,H,H,D,D,H,H,H,H,H,H,H,B,B,B,B,H,H,D,H,D,D,B,B,239
 , , , , , , ,15,D15Mit5,22.2,43.278457,H,H,B,B,H,H,H,H,H,D,B,B,H,D,B,D,B,B,B,H,H,H,B,H,H,D,B,D,H,H,B,H,H,H,H,D,D,H,H,H,H,H,H,H,B,B,B,B,H,H,D,H,D,D,B,B,240,15,D15Mit5,22.2,43.278457,H,H,B,B,H,H,H,H,H,D,B,B,H,D,B,D,B,B,B,H,H,H,B,H,H,D,B,D,H,H,B,H,H,H,H,D,D,H,H,H,H,H,H,H,B,B,B,B,H,H,D,H,D,D,B,B,240
 , , , , , , ,15,D15Mit232,24,52.942592,H,H,B,B,H,H,H,H,H,H,B,B,H,D,B,D,B,B,B,H,H,H,B,H,H,D,B,D,H,H,B,H,H,H,H,D,D,H,H,H,H,H,H,H,H,B,B,H,H,H,D,H,D,D,H,B,241,15,D15Mit232,24.0,52.942592,H,H,B,B,H,H,H,H,H,H,B,B,H,D,B,D,B,B,B,H,H,H,B,H,H,D,B,D,H,H,B,H,H,H,H,D,D,H,H,H,H,H,H,H,H,B,B,H,H,H,D,H,D,D,H,B,241
 , , , , , , ,15,D15Mit270,29,63.347462,H,H,H,B,H,H,H,H,H,H,B,B,H,D,B,D,B,B,B,H,H,H,B,H,H,D,B,D,H,H,B,H,H,H,H,D,D,H,B,H,B,H,H,H,H,B,B,H,H,H,D,H,H,D,H,B,242,15,D15Mit270,29.0,63.347462,H,H,H,B,H,H,H,H,H,H,B,B,H,D,B,D,B,B,B,H,H,H,B,H,H,D,B,D,H,H,B,H,H,H,H,D,D,H,B,H,B,H,H,H,H,B,B,H,H,H,D,H,H,D,H,B,242
 , , , , , , ,15,D15Mit90,36,68.968454,H,B,H,H,B,H,H,H,H,H,H,B,H,D,B,D,B,B,B,H,H,H,B,H,H,D,B,D,H,H,B,H,H,H,H,D,D,H,B,H,B,H,H,H,H,B,B,H,B,H,D,B,B,D,H,H,243,15,D15Mit90,36.0,68.968454,H,B,H,H,B,H,H,H,H,H,H,B,H,D,B,D,B,B,B,H,H,H,B,H,H,D,B,D,H,H,B,H,H,H,H,D,D,H,B,H,B,H,H,H,H,B,B,H,B,H,D,B,B,D,H,H,243
 , , , , , , ,15,D15Mit239,45,78.404159,H,B,H,H,H,H,H,H,H,H,H,B,H,D,B,D,B,H,B,D,H,H,H,H,H,D,B,D,H,H,B,H,H,H,H,D,D,H,B,H,B,B,H,H,H,B,B,H,B,H,D,H,B,D,H,D,244,15,D15Mit239,45.0,78.404159,H,B,H,H,H,H,H,H,H,H,H,B,H,D,B,D,B,H,B,D,H,H,H,H,H,D,B,D,H,H,B,H,H,H,H,D,D,H,B,H,B,B,H,H,H,B,B,H,B,H,D,H,B,D,H,D,244
 , , , , , , ,15,D15Mit72,51.1,84.543134,H,B,H,H,B,H,H,H,H,H,H,B,H,D,B,D,B,H,B,D,H,H,H,H,H,D,B,D,H,H,B,D,H,H,H,D,D,H,B,H,B,B,H,H,H,B,B,H,H,H,D,H,B,D,H,D,245,15,D15Mit72,51.1,84.543134,H,B,H,H,B,H,H,H,H,H,H,B,H,D,B,D,B,H,B,D,H,H,H,H,H,D,B,D,H,H,B,D,H,H,H,D,D,H,B,H,B,B,H,H,H,B,B,H,H,H,D,H,B,D,H,D,245
 , , , , , , ,15,D15Mit34,52.5,90.581141,H,B,H,H,B,H,H,H,H,H,D,B,H,D,B,D,B,H,B,D,H,H,H,H,D,D,B,D,H,H,B,D,B,H,H,D,D,H,B,H,B,B,H,H,H,B,H,H,H,H,D,H,B,D,H,D,246,15,D15Mit34,52.5,90.581141,H,B,H,H,B,H,H,H,H,H,D,B,H,D,B,D,B,H,B,D,H,H,H,H,D,D,B,D,H,H,B,D,B,H,H,D,D,H,B,H,B,B,H,H,H,B,H,H,H,H,D,H,B,D,H,D,246
 , , , , , , ,15,D15Mit272,57.5,94.237181,H,B,H,D,B,H,H,H,B,H,D,B,H,D,H,H,B,H,B,D,H,H,H,H,D,D,B,D,H,H,B,D,B,H,H,D,D,H,B,H,B,B,H,H,H,H,H,H,H,H,D,H,B,D,D,D,247,15,D15Mit272,57.5,94.237181,H,B,H,D,B,H,H,H,B,H,D,B,H,D,H,H,B,H,B,D,H,H,H,H,D,D,B,D,H,H,B,D,B,H,H,D,D,H,B,H,B,B,H,H,H,H,H,H,H,H,D,H,B,D,D,D,247
 , , , , , , ,15,D15Mit42,59.2,98.884618,H,B,D,D,B,H,H,H,H,H,D,B,H,D,D,H,D,H,B,D,H,H,H,H,D,D,B,D,H,H,B,D,B,H,H,D,D,H,B,H,B,B,B,H,D,H,H,H,H,D,D,H,B,D,D,D,248,15,D15Mit42,59.2,98.884618,H,B,D,D,B,H,H,H,H,H,D,B,H,D,D,H,D,H,B,D,H,H,H,H,D,D,B,D,H,H,B,D,B,H,H,D,D,H,B,H,B,B,B,H,D,H,H,H,H,D,D,H,B,D,D,D,248
 , , , , , , ,15,D15Mit15,62,102.821147,H,B,D,D,B,H,H,H,H,H,D,B,H,D,D,H,D,H,B,D,H,H,H,H,D,D,B,D,H,H,B,D,B,H,H,D,H,H,B,H,B,B,B,H,D,H,H,H,H,D,D,H,B,D,D,D,249,15,D15Mit15,62.0,102.821147,H,B,D,D,B,H,H,H,H,H,D,B,H,D,D,H,D,H,B,D,H,H,H,H,D,D,B,D,H,H,B,D,B,H,H,D,H,H,B,H,B,B,B,H,D,H,H,H,H,D,D,H,B,D,D,D,249
 , , , , , , ,15,D15Mit35,62,103.345366,H,B,D,D,B,H,H,H,H,H,D,B,H,D,D,H,D,H,B,D,H,H,H,H,D,D,B,D,H,H,B,D,B,H,H,D,H,H,B,H,B,B,B,H,D,H,H,H,H,D,D,H,B,D,D,D,250,15,D15Mit35,62.0,103.345366,H,B,D,D,B,H,H,H,H,H,D,B,H,D,D,H,D,H,B,D,H,H,H,H,D,D,B,D,H,H,B,D,B,H,H,D,H,H,B,H,B,B,B,H,D,H,H,H,H,D,D,H,B,D,D,D,250
 , , , , , , ,16,D16Mit182,3.1,5.597816,H,H,H,B,H,H,H,B,H,H,D,H,H,H,B,H,B,H,H,H,D,B,D,D,B,B,B,H,H,H,H,B,B,B,H,H,D,H,B,D,B,H,B,H,D,D,B,B,H,B,H,H,B,H,H,H,251,16,D16Mit182,3.1,5.597816,H,H,H,B,H,H,H,B,H,H,D,H,H,H,B,H,B,H,H,H,D,B,D,D,B,B,B,H,H,H,H,B,B,B,H,H,D,H,B,D,B,H,B,H,D,D,B,B,H,B,H,H,B,H,H,H,251
 , , , , , , ,16,D16Mit100,8.5,12.008749,D,H,H,B,H,H,H,B,H,H,D,H,H,H,B,H,B,H,H,H,D,B,H,D,B,B,B,H,H,H,H,H,B,B,H,H,D,H,B,D,H,H,B,D,D,D,B,B,H,B,H,H,B,H,H,H,252,16,D16Mit100,8.5,12.008749,D,H,H,B,H,H,H,B,H,H,D,H,H,H,B,H,B,H,H,H,D,B,H,D,B,B,B,H,H,H,H,H,B,B,H,H,D,H,B,D,H,H,B,D,D,D,B,B,H,B,H,H,B,H,H,H,252
 , , , , , , ,16,D16Mit88,9.7,13.162541,D,H,H,B,H,H,D,B,H,H,D,H,H,H,B,H,B,H,H,H,D,B,H,D,B,B,B,H,H,H,H,H,B,B,H,H,D,H,B,D,H,H,B,D,D,D,B,B,H,H,H,H,B,H,H,H,253,16,D16Mit88,9.7,13.162541,D,H,H,B,H,H,D,B,H,H,D,H,H,H,B,H,B,H,H,H,D,B,H,D,B,B,B,H,H,H,H,H,B,B,H,H,D,H,B,D,H,H,B,D,D,D,B,B,H,H,H,H,B,H,H,H,253
 , , , , , , ,16,D16Mit101,17,23.652324,D,B,H,B,H,H,D,B,H,H,D,H,H,H,B,H,B,H,H,B,D,B,H,D,B,B,B,H,H,H,H,H,B,B,H,D,D,H,B,D,H,H,B,D,H,D,B,B,H,H,H,H,B,H,H,H,254,16,D16Mit101,17.0,23.652324,D,B,H,B,H,H,D,B,H,H,D,H,H,H,B,H,B,H,H,B,D,B,H,D,B,B,B,H,H,H,H,H,B,B,H,D,D,H,B,D,H,H,B,D,H,D,B,B,H,H,H,H,B,H,H,H,254
 , , , , , , ,16,D16Mit58,23.3,32.231768,D,B,H,H,H,H,D,B,H,H,H,H,B,H,B,H,B,H,H,B,D,B,H,D,B,H,B,H,H,H,H,H,B,B,H,D,D,H,H,D,H,H,B,D,H,D,B,B,H,H,H,H,D,H,H,H,255,16,D16Mit58,23.3,32.231768,D,B,H,H,H,H,D,B,H,H,H,H,B,H,B,H,B,H,H,B,D,B,H,D,B,H,B,H,H,H,H,H,B,B,H,D,D,H,H,D,H,H,B,D,H,D,B,B,H,H,H,H,D,H,H,H,255
 , , , , , , ,16,D16Mit84,34.2,45.317029,D,B,H,H,H,H,D,B,B,H,H,H,B,D,B,H,H,H,H,H,D,B,B,D,B,H,B,H,H,H,H,H,B,B,H,D,D,H,H,D,H,B,B,D,H,H,H,B,H,H,D,H,D,H,H,H,256,16,D16Mit84,34.2,45.317029,D,B,H,H,H,H,D,B,B,H,H,H,B,D,B,H,H,H,H,H,D,B,B,D,B,H,B,H,H,H,H,H,B,B,H,D,D,H,H,D,H,B,B,D,H,H,H,B,H,H,D,H,D,H,H,H,256
 , , , , , , ,16,D16Mit5,38,57.694582,D,B,H,H,H,H,D,B,B,H,H,H,B,D,B,H,H,H,H,H,D,B,B,D,B,H,B,D,H,H,H,H,H,B,H,D,D,H,H,D,H,B,B,D,H,H,H,B,D,H,D,H,D,H,H,H,257,16,D16Mit5,38.0,57.694582,D,B,H,H,H,H,D,B,B,H,H,H,B,D,B,H,H,H,H,H,D,B,B,D,B,H,B,D,H,H,H,H,H,B,H,D,D,H,H,D,H,B,B,D,H,H,H,B,D,H,D,H,D,H,H,H,257
 , , , , , , ,16,D16Mit139,43,65.587776,D,B,H,H,H,H,H,H,B,H,H,H,B,D,B,H,H,H,H,H,H,B,B,D,B,H,B,D,H,D,H,H,D,B,H,D,D,H,H,D,H,B,B,D,H,H,H,B,D,H,D,H,D,H,H,H,258,16,D16Mit139,43.0,65.587776,D,B,H,H,H,H,H,H,B,H,H,H,B,D,B,H,H,H,H,H,H,B,B,D,B,H,B,D,H,D,H,H,D,B,H,D,D,H,H,D,H,B,B,D,H,H,H,B,D,H,D,H,D,H,H,H,258
 , , , , , , ,16,D16Mit217,45.5,77.243799,D,B,H,H,H,H,H,H,B,H,H,H,B,D,B,H,H,H,H,H,H,H,B,D,B,H,B,D,H,D,H,H,D,H,H,D,D,D,D,D,H,B,H,D,H,H,H,B,D,H,D,H,D,H,D,H,259,16,D16Mit217,45.5,77.243799,D,B,H,H,H,H,H,H,B,H,H,H,B,D,B,H,H,H,H,H,H,H,B,D,B,H,B,D,H,D,H,H,D,H,H,D,D,D,D,D,H,B,H,D,H,H,H,B,D,H,D,H,D,H,D,H,259
 , , , , , , ,16,D16Mit152,57,85.693029,D,B,H,H,H,H,H,H,B,H,H,H,H,D,B,H,H,H,H,H,H,H,B,D,B,H,B,D,H,D,H,H,D,H,H,D,D,D,D,D,H,B,H,D,H,H,H,B,D,H,D,H,D,H,D,H,260,16,D16Mit152,57.0,85.693029,D,B,H,H,H,H,H,H,B,H,H,H,H,D,B,H,H,H,H,H,H,H,B,D,B,H,B,D,H,D,H,H,D,H,H,D,D,D,D,D,H,B,H,D,H,H,H,B,D,H,D,H,D,H,D,H,260
 , , , , , , ,16,D16Mit106,68,97.985065,H,B,D,H,H,H,H,H,H,D,H,D,H,D,B,B,H,D,D,H,B,B,B,H,H,H,H,D,H,D,D,H,D,H,H,D,H,D,D,D,H,B,H,D,H,H,D,B,D,H,D,H,D,D,D,H,261,16,D16Mit106,68.0,97.985065,H,B,D,H,H,H,H,H,H,D,H,D,H,D,B,B,H,D,D,H,B,B,B,H,H,H,H,D,H,D,D,H,D,H,H,D,H,D,D,D,H,B,H,D,H,H,D,B,D,H,D,H,D,D,D,H,261
 , , , , , , ,17,D17Mit267,2,3.311343,B,D,D,H,D,D,B,D,H,H,D,H,B,H,B,H,H,H,H,D,D,D,B,D,H,B,D,D,H,B,B,H,D,H,H,B,H,D,B,B,D,B,H,H,D,H,B,H,H,H,H,D,D,D,D,H,262,17,D17Mit267,2.0,3.311343,B,D,D,H,D,D,B,D,H,H,D,H,B,H,B,H,H,H,H,D,D,D,B,D,H,B,D,D,H,B,B,H,D,H,H,B,H,D,B,B,D,B,H,H,D,H,B,H,H,H,H,D,D,D,D,H,262
 , , , , , , ,17,D17Mit213,9.33,16.31981,B,D,D,H,D,D,B,D,H,D,D,H,B,H,H,H,H,H,H,D,D,D,H,D,H,B,D,D,H,B,B,H,D,H,H,B,H,D,B,B,D,H,H,H,D,H,B,B,H,H,H,D,D,D,D,H,263,17,D17Mit213,9.33,16.31981,B,D,D,H,D,D,B,D,H,D,D,H,B,H,H,H,H,H,H,D,D,D,H,D,H,B,D,D,H,B,B,H,D,H,H,B,H,D,B,B,D,H,H,H,D,H,B,B,H,H,H,D,D,D,D,H,263
 , , , , , , ,17,D17Mit100,11.8,25.909637,B,D,D,H,D,D,B,D,H,D,D,H,B,H,H,H,H,H,H,D,D,D,H,D,H,B,D,D,H,B,B,H,D,H,H,B,H,D,B,B,D,H,H,H,D,H,B,B,H,H,H,D,D,D,D,H,264,17,D17Mit100,11.8,25.909637,B,D,D,H,D,D,B,D,H,D,D,H,B,H,H,H,H,H,H,D,D,D,H,D,H,B,D,D,H,B,B,H,D,H,H,B,H,D,B,B,D,H,H,H,D,H,B,B,H,H,H,D,D,D,D,H,264
 , , , , , , ,17,D17Mit175,17.7,31.571387,H,D,D,D,D,D,B,D,H,D,H,D,H,H,H,H,H,H,H,D,D,D,H,D,H,H,H,D,D,B,B,H,D,H,H,B,H,D,B,H,D,H,H,H,D,H,B,B,H,H,H,D,H,D,H,H,265,17,D17Mit175,17.7,31.571387,H,D,D,D,D,D,B,D,H,D,H,D,H,H,H,H,H,H,H,D,D,D,H,D,H,H,H,D,D,B,B,H,D,H,H,B,H,D,B,H,D,H,H,H,D,H,B,B,H,H,H,D,H,D,H,H,265
 , , , , , , ,17,D17Mit21,18.6,33.851424,H,D,D,D,D,D,B,D,H,D,H,D,H,H,H,H,H,H,H,D,D,D,H,D,H,H,H,D,D,B,B,H,D,H,H,B,H,D,B,H,D,H,H,H,D,H,B,B,H,H,H,D,H,D,H,H,266,17,D17Mit21,18.6,33.851424,H,D,D,D,D,D,B,D,H,D,H,D,H,H,H,H,H,H,H,D,D,D,H,D,H,H,H,D,D,B,B,H,D,H,H,B,H,D,B,H,D,H,H,H,D,H,B,B,H,H,H,D,H,D,H,H,266
 , , , , , , ,17,D17Mit24,20.4,37.090216,H,D,D,D,D,D,B,D,H,D,H,D,H,H,H,H,H,H,H,D,D,D,H,D,H,H,H,D,D,B,B,H,D,H,H,B,H,D,B,H,D,H,H,H,D,H,B,B,H,H,H,D,H,D,H,H,267,17,D17Mit24,20.4,37.090216,H,D,D,D,D,D,B,D,H,D,H,D,H,H,H,H,H,H,H,D,D,D,H,D,H,H,H,D,D,B,B,H,D,H,H,B,H,D,B,H,D,H,H,H,D,H,B,B,H,H,H,D,H,D,H,H,267
 , , , , , , ,17,D17Mit10,24,46.998363,H,D,D,D,D,D,B,D,B,D,H,D,H,H,H,H,H,H,H,D,D,D,H,H,H,H,H,D,D,H,B,H,H,H,H,B,H,D,B,B,D,H,H,H,D,B,B,B,H,H,H,D,H,D,B,H,268,17,D17Mit10,24.0,46.998363,H,D,D,D,D,D,B,D,B,D,H,D,H,H,H,H,H,H,H,D,D,D,H,H,H,H,H,D,D,H,B,H,H,H,H,B,H,D,B,B,D,H,H,H,D,B,B,B,H,H,H,D,H,D,B,H,268
 , , , , , , ,17,D17Mit20,34.3,56.912781,H,D,D,D,D,H,B,H,B,D,H,D,H,H,H,H,H,H,H,D,D,H,H,B,H,H,H,D,D,H,B,B,H,H,H,B,H,D,B,B,D,H,H,D,D,B,B,B,H,H,H,H,H,H,B,H,269,17,D17Mit20,34.3,56.912781,H,D,D,D,D,H,B,H,B,D,H,D,H,H,H,H,H,H,H,D,D,H,H,B,H,H,H,D,D,H,B,B,H,H,H,B,H,D,B,B,D,H,H,D,D,B,B,B,H,H,H,H,H,H,B,H,269
 , , , , , , ,17,D17Mit89,36,63.324496,H,D,D,D,D,H,B,H,B,D,H,D,H,H,H,H,H,H,H,D,D,H,H,B,H,H,H,D,D,H,B,B,H,H,H,B,H,D,B,B,D,H,H,D,D,B,B,B,H,H,H,H,H,H,B,H,270,17,D17Mit89,36.0,63.324496,H,D,D,D,D,H,B,H,B,D,H,D,H,H,H,H,H,H,H,D,D,H,H,B,H,H,H,D,D,H,B,B,H,H,H,B,H,D,B,B,D,H,H,D,D,B,B,B,H,H,H,H,H,H,B,H,270
 , , , , , , ,17,D17Mit152,37.7,65.240225,H,D,D,D,D,H,B,H,B,D,H,D,H,H,H,H,H,H,H,D,D,H,H,B,H,H,H,D,D,H,B,B,H,H,H,B,H,D,B,B,D,H,H,D,D,B,B,B,H,H,H,H,H,H,B,H,271,17,D17Mit152,37.7,65.240225,H,D,D,D,D,H,B,H,B,D,H,D,H,H,H,H,H,H,H,D,D,H,H,B,H,H,H,D,D,H,B,B,H,H,H,B,H,D,B,B,D,H,H,D,D,B,B,B,H,H,H,H,H,H,B,H,271
 , , , , , , ,17,D17Mit39,45,74.187097,H,H,D,D,H,H,B,H,B,D,H,D,D,H,H,H,H,H,H,D,D,H,H,B,H,H,B,B,D,H,B,B,H,H,B,B,H,D,H,B,D,H,D,D,D,H,H,H,H,H,H,H,H,H,B,H,272,17,D17Mit39,45.0,74.187097,H,H,D,D,H,H,B,H,B,D,H,D,D,H,H,H,H,H,H,D,D,H,H,B,H,H,B,B,D,H,B,B,H,H,B,B,H,D,H,B,D,H,D,D,D,H,H,H,H,H,H,H,H,H,B,H,272
 , , , , , , ,17,D17Mit41,53,84.243928,H,H,D,D,H,H,B,H,B,D,H,D,D,H,D,H,D,H,H,D,D,H,D,B,D,H,B,B,D,H,H,H,H,H,B,B,H,H,H,B,H,H,D,D,D,H,H,H,D,H,H,H,H,H,B,H,273,17,D17Mit41,53.0,84.243928,H,H,D,D,H,H,B,H,B,D,H,D,D,H,D,H,D,H,H,D,D,H,D,B,D,H,B,B,D,H,H,H,H,H,B,B,H,H,H,B,H,H,D,D,D,H,H,H,D,H,H,H,H,H,B,H,273
 , , , , , , ,17,D17Mit221,56.7,89.996029,H,H,D,H,H,H,B,H,H,D,H,D,D,H,D,H,D,H,H,D,D,B,D,B,D,H,B,B,D,H,H,H,B,H,B,B,H,H,H,B,H,H,D,D,H,H,H,H,D,H,H,B,D,H,B,H,274,17,D17Mit221,56.7,89.996029,H,H,D,H,H,H,B,H,H,D,H,D,D,H,D,H,D,H,H,D,D,B,D,B,D,H,B,B,D,H,H,H,B,H,B,B,H,H,H,B,H,H,D,D,H,H,H,H,D,H,H,B,D,H,B,H,274
 , , , , , , ,17,D17Mit244,55.7,90.762842,H,H,D,H,B,H,B,H,B,D,H,D,D,H,D,H,D,H,H,D,H,B,D,B,D,H,B,B,D,H,H,H,B,H,B,B,H,B,H,B,H,H,D,D,H,H,H,H,D,B,H,B,D,H,B,H,275,17,D17Mit244,55.7,90.762842,H,H,D,H,B,H,B,H,B,D,H,D,D,H,D,H,D,H,H,D,H,B,D,B,D,H,B,B,D,H,H,H,B,H,B,B,H,B,H,B,H,H,D,D,H,H,H,H,D,B,H,B,D,H,B,H,275
 , , , , , , ,18,D18Mit19,1,5.041116,B,B,B,B,H,B,H,H,B,H,B,D,D,D,B,H,H,H,B,D,D,H,B,D,H,B,H,H,D,B,H,B,D,B,B,D,B,D,H,D,H,H,H,D,H,D,H,H,D,B,H,H,H,H,B,H,276,18,D18Mit19,1.0,5.041116,B,B,B,B,H,B,H,H,B,H,B,D,D,D,B,H,H,H,B,D,D,H,B,D,H,B,H,H,D,B,H,B,D,B,B,D,B,D,H,D,H,H,H,D,H,D,H,H,D,B,H,H,H,H,B,H,276
 , , , , , , ,18,D18Msw9,3,9.164794,B,B,B,B,H,B,H,H,B,H,B,D,D,D,B,H,H,H,B,D,D,H,B,D,H,B,H,H,D,B,H,B,D,B,B,D,H,D,H,D,H,H,H,D,H,D,H,H,D,B,H,H,H,H,H,H,277,18,D18Msw9,3.0,9.164794,B,B,B,B,H,B,H,H,B,H,B,D,D,D,B,H,H,H,B,D,D,H,B,D,H,B,H,H,D,B,H,B,D,B,B,D,H,D,H,D,H,H,H,D,H,D,H,H,D,B,H,H,H,H,H,H,277
 , , , , , , ,18,D18Msw17,10,17.112691,B,B,B,B,H,B,H,H,H,B,B,D,D,D,B,H,H,H,H,D,H,H,B,D,H,B,H,H,D,B,H,B,D,B,B,D,B,D,H,D,H,B,H,D,H,H,H,H,D,B,H,H,H,H,B,H,278,18,D18Msw17,10.0,17.112691,B,B,B,B,H,B,H,H,H,B,B,D,D,D,B,H,H,H,H,D,H,H,B,D,H,B,H,H,D,B,H,B,D,B,B,D,B,D,H,D,H,B,H,D,H,H,H,H,D,B,H,H,H,H,B,H,278
 , , , , , , ,18,D18Mit68,11,21.578634,B,B,B,B,H,B,H,H,H,B,B,D,D,D,B,H,H,H,H,D,H,H,B,D,H,B,H,H,D,H,H,B,D,B,B,D,B,D,H,D,H,B,H,D,H,H,H,H,D,B,H,H,H,H,B,D,279,18,D18Mit68,11.0,21.578634,B,B,B,B,H,B,H,H,H,B,B,D,D,D,B,H,H,H,H,D,H,H,B,D,H,B,H,H,D,H,H,B,D,B,B,D,B,D,H,D,H,B,H,D,H,H,H,H,D,B,H,H,H,H,B,D,279
 , , , , , , ,18,D18Mit111,11,21.656314,B,B,B,B,H,B,H,H,H,B,B,D,D,D,B,H,H,H,H,D,H,H,B,D,H,B,H,H,D,H,H,B,D,B,B,D,B,D,H,D,H,B,H,D,H,H,H,H,D,B,H,H,H,H,B,D,280,18,D18Mit111,11.0,21.656314,B,B,B,B,H,B,H,H,H,B,B,D,D,D,B,H,H,H,H,D,H,H,B,D,H,B,H,H,D,H,H,B,D,B,B,D,B,D,H,D,H,B,H,D,H,H,H,H,D,B,H,H,H,H,B,D,280
 , , , , , , ,18,D18Mit225,16,30.75878,H,B,H,B,H,H,H,H,H,H,B,H,D,D,B,H,H,H,H,H,H,H,B,D,H,B,H,H,D,H,H,B,H,B,B,D,B,D,H,D,H,B,H,D,H,H,H,H,D,B,B,H,H,H,B,D,281,18,D18Mit225,16.0,30.75878,H,B,H,B,H,H,H,H,H,H,B,H,D,D,B,H,H,H,H,H,H,H,B,D,H,B,H,H,D,H,H,B,H,B,B,D,B,D,H,D,H,B,H,D,H,H,H,H,D,B,B,H,H,H,B,D,281
 , , , , , , ,18,D18Mit17,22,39.612834,H,B,H,B,H,H,H,H,H,H,B,H,D,D,B,H,H,H,H,H,H,H,B,H,H,B,H,H,D,D,H,B,H,B,B,D,B,D,H,D,H,B,H,D,B,H,H,H,D,B,B,H,H,H,B,D,282,18,D18Mit17,22.0,39.612834,H,B,H,B,H,H,H,H,H,H,B,H,D,D,B,H,H,H,H,H,H,H,B,H,H,B,H,H,D,D,H,B,H,B,B,D,B,D,H,D,H,B,H,D,B,H,H,H,D,B,B,H,H,H,B,D,282
 , , , , , , ,18,D18Mit53,27,52.958452,H,B,H,B,H,H,H,H,H,H,B,B,D,D,B,H,H,H,H,H,H,H,B,H,H,H,H,H,D,D,H,B,H,B,H,D,B,D,D,D,H,B,H,H,B,H,H,H,D,B,B,H,H,H,B,D,283,18,D18Mit53,27.0,52.958452,H,B,H,B,H,H,H,H,H,H,B,B,D,D,B,H,H,H,H,H,H,H,B,H,H,H,H,H,D,D,H,B,H,B,H,D,B,D,D,D,H,B,H,H,B,H,H,H,D,B,B,H,H,H,B,D,283
 , , , , , , ,18,D18Mit55,25,53.283318,H,B,H,B,H,H,H,H,H,H,B,B,D,D,B,H,H,H,H,H,H,H,B,H,H,H,H,H,D,D,H,B,H,B,H,D,B,D,D,D,H,B,H,H,B,H,H,H,D,B,B,H,H,H,B,D,284,18,D18Mit55,25.0,53.283318,H,B,H,B,H,H,H,H,H,H,B,B,D,D,B,H,H,H,H,H,H,H,B,H,H,H,H,H,D,D,H,B,H,B,H,D,B,D,D,D,H,B,H,H,B,H,H,H,D,B,B,H,H,H,B,D,284
 , , , , , , ,18,D18Mit184,41,66.944611,H,B,H,B,H,H,B,H,H,H,B,B,D,D,H,H,B,B,H,H,H,H,B,B,H,H,H,H,D,D,H,B,H,B,H,D,B,D,D,D,H,B,H,H,H,H,H,H,D,B,H,B,H,H,B,D,285,18,D18Mit184,41.0,66.944611,H,B,H,B,H,H,B,H,H,H,B,B,D,D,H,H,B,B,H,H,H,H,B,B,H,H,H,H,D,D,H,B,H,B,H,D,B,D,D,D,H,B,H,H,H,H,H,H,D,B,H,B,H,H,B,D,285
 , , , , , , ,18,D18Mit79,47,75.935278,H,B,H,B,H,H,B,H,H,H,B,B,D,D,H,H,B,H,B,H,B,H,B,B,H,D,D,H,D,D,B,B,H,B,H,D,B,D,D,D,D,B,H,H,H,H,H,D,D,B,H,B,H,H,B,D,286,18,D18Mit79,47.0,75.935278,H,B,H,B,H,H,B,H,H,H,B,B,D,D,H,H,B,H,B,H,B,H,B,B,H,D,D,H,D,D,B,B,H,B,H,D,B,D,D,D,D,B,H,H,H,H,H,D,D,B,H,B,H,H,B,D,286
 , , , , , , ,18,D18Mit7,49,77.052075,H,B,D,B,H,H,B,H,H,H,B,B,D,D,H,H,B,H,B,H,B,H,B,B,H,D,D,H,D,D,H,B,H,B,H,H,B,D,D,H,D,B,H,H,H,H,H,D,D,B,H,B,H,H,B,D,287,18,D18Mit7,49.0,77.052075,H,B,D,B,H,H,B,H,H,H,B,B,D,D,H,H,B,H,B,H,B,H,B,B,H,D,D,H,D,D,H,B,H,B,H,H,B,D,D,H,D,B,H,H,H,H,H,D,D,B,H,B,H,H,B,D,287
 , , , , , , ,18,D18Mit213,55,84.754721,H,B,D,B,H,H,B,H,H,H,H,B,D,H,H,H,B,H,B,H,B,H,B,B,H,D,D,B,D,D,H,B,B,B,D,B,B,D,D,H,D,B,H,H,H,H,H,H,D,B,H,B,D,B,B,D,288,18,D18Mit213,55.0,84.754721,H,B,D,B,H,H,B,H,H,H,H,B,D,H,H,H,B,H,B,H,B,H,B,B,H,D,D,B,D,D,H,B,B,B,D,B,B,D,D,H,D,B,H,H,H,H,H,H,D,B,H,B,D,B,B,D,288
 , , , , , , ,19,D19Mit109,3,6.207606,H,H,B,H,H,H,H,H,H,H,H,D,D,B,B,D,B,H,B,H,B,H,D,B,H,H,H,H,H,H,H,D,D,H,H,D,B,B,H,D,H,H,H,H,H,H,H,H,H,H,H,H,D,B,H,B,289,19,D19Mit109,3.0,6.207606,H,H,B,H,H,H,H,H,H,H,H,D,D,B,B,D,B,H,B,H,B,H,D,B,H,H,H,H,H,H,H,D,D,H,H,D,B,B,H,D,H,H,H,H,H,H,H,H,H,H,H,H,D,B,H,B,289
 , , , , , , ,19,D19Mit42,5,10.150049,H,H,B,H,H,H,H,H,H,H,H,D,D,B,B,D,B,H,B,H,B,H,D,B,H,H,H,H,H,H,H,D,D,H,H,D,B,H,H,D,H,H,H,H,H,H,H,H,H,H,H,H,D,B,H,H,290,19,D19Mit42,5.0,10.150049,H,H,B,H,H,H,H,H,H,H,H,D,D,B,B,D,B,H,B,H,B,H,D,B,H,H,H,H,H,H,H,D,D,H,H,D,B,H,H,D,H,H,H,H,H,H,H,H,H,H,H,H,D,B,H,H,290
 , , , , , , ,19,D19Mit85,12,18.596699,D,H,B,H,H,B,H,H,H,H,H,D,D,B,B,D,B,B,B,H,B,H,D,B,H,H,D,H,H,H,H,D,D,H,H,H,B,H,B,D,D,D,B,H,H,H,D,H,H,B,H,H,H,B,H,D,291,19,D19Mit85,12.0,18.596699,D,H,B,H,H,B,H,H,H,H,H,D,D,B,B,D,B,B,B,H,B,H,D,B,H,H,D,H,H,H,H,D,D,H,H,H,B,H,B,D,D,D,B,H,H,H,D,H,H,B,H,H,H,B,H,D,291
 , , , , , , ,19,D19Mit16,15,20.412874,D,H,B,H,H,B,H,H,H,H,H,D,D,B,B,D,B,B,B,H,B,H,D,B,H,H,D,H,H,H,H,D,D,H,H,H,B,H,B,D,D,D,B,H,H,H,D,H,H,B,H,H,H,B,H,D,292,19,D19Mit16,15.0,20.412874,D,H,B,H,H,B,H,H,H,H,H,D,D,B,B,D,B,B,B,H,B,H,D,B,H,H,D,H,H,H,H,D,D,H,H,H,B,H,B,D,D,D,B,H,H,H,D,H,H,B,H,H,H,B,H,D,292
 , , , , , , ,19,D19Mit13,20,32.705019,D,H,B,B,H,B,H,B,H,H,H,H,D,B,B,D,B,B,B,H,B,H,D,B,B,H,D,D,H,B,H,D,D,H,D,B,B,H,B,D,D,D,B,H,H,H,D,D,H,B,H,H,H,D,H,D,293,19,D19Mit13,20.0,32.705019,D,H,B,B,H,B,H,B,H,H,H,H,D,B,B,D,B,B,B,H,B,H,D,B,B,H,D,D,H,B,H,D,D,H,D,B,B,H,B,D,D,D,B,H,H,H,D,D,H,B,H,H,H,D,H,D,293
 , , , , , , ,19,D19Mit89,41,42.552615,D,H,B,B,H,B,H,B,B,H,H,H,H,B,H,D,B,B,B,H,B,H,D,B,H,H,D,D,H,B,H,D,D,H,D,B,B,H,B,D,D,D,B,H,H,H,D,D,H,H,H,H,H,D,H,D,294,19,D19Mit89,41.0,42.552615,D,H,B,B,H,B,H,B,B,H,H,H,H,B,H,D,B,B,B,H,B,H,D,B,H,H,D,D,H,B,H,D,D,H,D,B,B,H,B,D,D,D,B,H,H,H,D,D,H,H,H,H,H,D,H,D,294
 , , , , , , ,19,D19Mit38,47,47.239493,D,H,B,B,H,B,H,H,B,H,H,H,H,B,H,D,B,B,B,H,B,H,D,B,H,H,D,H,H,B,H,D,D,H,D,B,B,H,B,D,D,D,B,H,H,H,D,D,H,H,H,H,H,D,H,D,295,19,D19Mit38,47.0,47.239493,D,H,B,B,H,B,H,H,B,H,H,H,H,B,H,D,B,B,B,H,B,H,D,B,H,H,D,H,H,B,H,D,D,H,D,B,B,H,B,D,D,D,B,H,H,H,D,D,H,H,H,H,H,D,H,D,295
 , , , , , , ,19,D19Mit103,52,53.817477,D,D,H,B,H,B,H,H,H,H,H,H,H,H,H,D,B,B,B,H,B,H,D,B,H,H,D,H,H,B,H,H,D,H,D,B,B,H,B,D,D,D,B,H,H,H,D,D,H,H,H,H,D,D,H,D,296,19,D19Mit103,52.0,53.817477,D,D,H,B,H,B,H,H,H,H,H,H,H,H,H,D,B,B,B,H,B,H,D,B,H,H,D,H,H,B,H,H,D,H,D,B,B,H,B,D,D,D,B,H,H,H,D,D,H,H,H,H,D,D,H,D,296
 , , , , , , ,19,D19Mit55,52.8,55.358264,D,D,D,B,H,B,H,H,H,H,H,H,H,H,D,D,B,B,B,H,B,H,D,B,H,D,D,H,H,B,H,H,D,H,D,B,B,H,B,D,D,D,B,H,H,H,D,D,H,H,H,H,D,D,H,D,297,19,D19Mit55,52.8,55.358264,D,D,D,B,H,B,H,H,H,H,H,H,H,H,D,D,B,B,B,H,B,H,D,B,H,D,D,H,H,B,H,H,D,H,D,B,B,H,B,D,D,D,B,H,H,H,D,D,H,H,H,H,D,D,H,D,297
 , , , , , , ,19,D19Mit137,54,59.188571,D,D,D,B,H,B,D,H,H,H,H,H,H,H,D,D,B,B,B,H,H,B,D,B,H,D,H,H,H,H,H,H,D,H,D,B,B,H,B,D,D,D,B,H,H,H,D,D,H,H,H,H,D,D,H,D,298,19,D19Mit137,54.0,59.188571,D,D,D,B,H,B,D,H,H,H,H,H,H,H,D,D,B,B,B,H,H,B,D,B,H,D,H,H,H,H,H,H,D,H,D,B,B,H,B,D,D,D,B,H,H,H,D,D,H,H,H,H,D,D,H,D,298
 , , , , , , ,X,DXMit89,3,9.556944,D,H,B,D,H,D,D,B,D,D,B,D,D,B,D,B,H,D,H,B,D,B,B,D,D,B,D,B,D,D,D,D,H,B,D,B,H,H,B,B,D,B,H,B,B,D,H,B,B,B,B,B,D,D,D,D,299,X,DXMit89,3.0,9.556944,D,H,B,D,H,D,D,B,D,D,B,D,D,B,D,B,H,D,H,B,D,B,B,D,D,B,D,B,D,D,D,D,H,B,D,B,H,H,B,B,D,B,H,B,B,D,H,B,B,B,B,B,D,D,D,D,299
 , , , , , , ,X,DXMit166,15.5,47.928124,D,H,B,D,H,D,D,H,D,D,B,D,D,B,D,B,H,H,H,D,D,B,B,D,D,B,D,D,D,D,D,D,H,B,D,B,H,H,B,B,D,D,H,B,B,D,H,B,B,D,B,B,D,B,D,D,300,X,DXMit166,15.5,47.928124,D,H,B,D,H,D,D,H,D,D,B,D,D,B,D,B,H,H,H,D,D,B,B,D,D,B,D,D,D,D,D,D,H,B,D,B,H,H,B,B,D,D,H,B,B,D,H,B,B,D,B,B,D,B,D,D,300
 , , , , , , ,X,DXMit143,26,68.649427,D,H,B,D,H,D,D,D,D,D,B,D,D,B,D,D,H,H,H,D,D,B,B,D,D,B,D,D,B,D,D,D,B,B,H,B,H,D,B,B,D,D,H,B,B,D,H,B,B,D,B,B,D,B,H,D,301,X,DXMit143,26.0,68.649427,D,H,B,D,H,D,D,D,D,D,B,D,D,B,D,D,H,H,H,D,D,B,B,D,D,B,D,D,B,D,D,D,B,B,H,B,H,D,B,B,D,D,H,B,B,D,H,B,B,D,B,B,D,B,H,D,301
 , , , , , , ,X,DXMit1,29,69.281163,D,H,B,D,H,D,D,H,D,D,B,D,D,B,D,D,H,H,H,D,D,B,B,D,D,D,D,D,B,D,D,D,B,B,H,B,H,D,B,B,D,D,H,B,B,D,H,B,B,D,B,B,D,B,H,D,302,X,DXMit1,29.0,69.281163,D,H,B,D,H,D,D,H,D,D,B,D,D,B,D,D,H,H,H,D,D,B,B,D,D,D,D,D,B,D,D,D,B,B,H,B,H,D,B,B,D,D,H,B,B,D,H,B,B,D,B,B,D,B,H,D,302
 , , , , , , ,X,DXMit117,50.8,126.634372,D,H,B,H,D,D,D,H,D,D,B,D,D,B,D,D,H,H,H,D,D,B,B,D,B,D,D,B,B,D,H,D,B,B,H,B,H,D,B,B,D,D,D,D,B,D,H,B,B,D,D,B,B,B,H,D,303,X,DXMit117,50.8,126.634372,D,H,B,H,D,D,D,H,D,D,B,D,D,B,D,D,H,H,H,D,D,B,B,D,B,D,D,B,B,D,H,D,B,B,H,B,H,D,B,B,D,D,D,D,B,D,H,B,B,D,D,B,B,B,H,D,303
 , , , , , , ,X,DXMsw125,52,139.162912,D,H,D,H,D,D,D,H,D,D,B,D,D,B,D,D,H,H,H,D,D,B,D,D,B,D,D,B,B,D,D,D,B,B,H,B,B,D,B,B,D,D,D,D,B,H,H,B,D,D,D,B,B,B,H,H,304,X,DXMsw125,52.0,139.162912,D,H,D,H,D,D,D,H,D,D,B,D,D,B,D,D,H,H,H,D,D,B,D,D,B,D,D,B,B,D,D,D,B,B,H,B,B,D,B,B,D,D,D,D,B,H,H,B,D,D,D,B,B,B,H,H,304
 , , , , , , ,X,DXMit186,69,160.710266,D,H,D,H,D,D,D,H,D,D,B,D,D,B,D,D,H,H,H,D,D,B,D,D,B,D,D,B,B,D,D,D,B,B,H,B,B,H,B,B,D,D,D,D,B,H,H,B,D,D,D,B,B,B,D,H,305,X,DXMit186,69.0,160.710266,D,H,D,H,D,D,D,H,D,D,B,D,D,B,D,D,H,H,H,D,D,B,D,D,B,D,D,B,B,D,D,D,B,B,H,B,B,H,B,B,D,D,D,D,B,H,H,B,D,D,D,B,B,B,D,H,305
