Wrong mb,mb Changed,Moved before,Wrong chr,old 2cross,new 2cross,two fragments,old Chr,name,old CM,old Mb,,,,,,,,,,,,,,,,,,,,,,,,,,,,,,,,,,,,,,,,,,,,,,,,,,,,,,,,,,,,,,,,,,,,,,,,,,,,,,,,,,,,,,,,,,,,,,,,,,,,,,,,,,,,,,,,,,,,,,,,,,,,,,,,,,,,,,,,,,,,,,,,,,,,,,,,,,,,,,,,,,,,,,,,,,,,,,,,,,,,,,,,,,,,,,,,,,,,,,,,,,,,,,,,,,,,,,,,,,,,,,,,,,,,,,,,,,,,,,,,,,,,,,,,,,,,,,,,,,,,,,,,,,,,,,,,,,,,,,,,,,,,,,,,,,,,,,,,,,,,,,,,,,,,,,,,,,,,,,,,,,,,,,,,,,,,,,,,,,,,,,,,,,,,,,,,,,,,,,,,,,,,,,,,,,,,,,,,,,,,,,,,,,,,,,,,,,,,,,,,,,,,,,,,,,,,,,,,,,,,,old order,new Chr,name,new CM,new Mb,,,,,,,,,,,,,,,,,,,,,,,,,,,,,,,,,,,,,,,,,,,,,,,,,,,,,,,,,,,,,,,,,,,,,,,,,,,,,,,,,,,,,,,,,,,,,,,,,,,,,,,,,,,,,,,,,,,,,,,,,,,,,,,,,,,,,,,,,,,,,,,,,,,,,,,,,,,,,,,,,,,,,,,,,,,,,,,,,,,,,,,,,,,,,,,,,,,,,,,,,,,,,,,,,,,,,,,,,,,,,,,,,,,,,,,,,,,,,,,,,,,,,,,,,,,,,,,,,,,,,,,,,,,,,,,,,,,,,,,,,,,,,,,,,,,,,,,,,,,,,,,,,,,,,,,,,,,,,,,,,,,,,,,,,,,,,,,,,,,,,,,,,,,,,,,,,,,,,,,,,,,,,,,,,,,,,,,,,,,,,,,,,,,,,,,,,,,,,,,,,,,,,,,,,,,,,,,,,,,,,new order
 , , , , , , ,1,T1G11,0.000,1.24325,B,S,B,S,S,S,B,S,B,B,S,B,B,B,S,B,S,S,S,B,B,B,B,B,B,B,S,S,S,S,B,S,B,B,S,H,S,S,B,B,S,S,S,S,B,S,B,B,B,S,S,S,S,S,S,B,S,S,B,H,B,S,B,B,S,B,S,H,B,B,B,S,S,S,B,S,B,S,S,S,B,B,B,S,B,B,B,B,B,B,B,B,S,S,B,S,B,S,B,B,S,S,S,B,S,B,B,S,S,B,B,B,B,S,S,B,B,S,B,B,S,B,B,B,S,S,B,B,S,B,S,S,S,S,S,B,S,B,S,S,S,S,B,B,S,S,B,H,S,S,S,B,B,S,B,S,S,S,B,B,S,S,S,B,B,B,S,B,S,S,B,S,S,S,S,S,B,S,B,B,S,B,B,S,B,S,B,B,S,S,S,S,B,B,S,H,B,S,S,B,B,S,S,S,S,S,S,S,B,B,S,B,B,S,B,S,B,B,S,B,S,B,B,B,B,S,B,S,S,B,S,B,S,B,S,B,B,B,B,B,S,B,S,S,B,B,S,S,S,S,S,B,B,B,B,S,B,S,S,B,B,B,B,B,H,S,S,B,B,S,S,B,B,S,B,S,S,S,S,S,S,S,B,B,B,H,B,B,B,S,B,S,S,B,B,B,S,S,S,S,S,H,B,S,S,B,B,S,S,B,B,B,S,B,S,B,S,B,H,S,S,S,B,B,S,S,B,S,B,S,S,B,B,S,B,B,S,B,S,S,S,B,B,S,B,B,B,S,S,B,H,B,B,B,S,S,B,S,S,B,H,S,B,S,B,S,B,B,S,S,B,B,S,S,S,B,S,B,S,B,B,S,S,B,S,B,S,B,B,S,B,S,B,B,S,S,S,S,B,B,B,B,S,B,S,S,B,B,B,S,S,S,B,B,S,S,B,B,S,S,0,1,T1G11,0.0,1.24325,B,S,B,S,S,S,B,S,B,B,S,B,B,B,S,B,S,S,S,B,B,B,B,B,B,B,S,S,S,S,B,S,B,B,S,H,S,S,B,B,S,S,S,S,B,S,B,B,B,S,S,S,S,S,S,B,S,S,B,H,B,S,B,B,S,B,S,H,B,B,B,S,S,S,B,S,B,S,S,S,B,B,B,S,B,B,B,B,B,B,B,B,S,S,B,S,B,S,B,B,S,S,S,B,S,B,B,S,S,B,B,B,B,S,S,B,B,S,B,B,S,B,B,B,S,S,B,B,S,B,S,S,S,S,S,B,S,B,S,S,S,S,B,B,S,S,B,H,S,S,S,B,B,S,B,S,S,S,B,B,S,S,S,B,B,B,S,B,S,S,B,S,S,S,S,S,B,S,B,B,S,B,B,S,B,S,B,B,S,S,S,S,B,B,S,H,B,S,S,B,B,S,S,S,S,S,S,S,B,B,S,B,B,S,B,S,B,B,S,B,S,B,B,B,B,S,B,S,S,B,S,B,S,B,S,B,B,B,B,B,S,B,S,S,B,B,S,S,S,S,S,B,B,B,B,S,B,S,S,B,B,B,B,B,H,S,S,B,B,S,S,B,B,S,B,S,S,S,S,S,S,S,B,B,B,H,B,B,B,S,B,S,S,B,B,B,S,S,S,S,S,H,B,S,S,B,B,S,S,B,B,B,S,B,S,B,S,B,H,S,S,S,B,B,S,S,B,S,B,S,S,B,B,S,B,B,S,B,S,S,S,B,B,S,B,B,B,S,S,B,H,B,B,B,S,S,B,S,S,B,H,S,B,S,B,S,B,B,S,S,B,B,S,S,S,B,S,B,S,B,B,S,S,B,S,B,S,B,B,S,B,S,B,B,S,S,S,S,B,B,B,B,S,B,S,S,B,B,B,S,S,S,B,B,S,S,B,B,S,S,0
 , , , , , , ,1,F21M12,5.700,3.212191,H,S,B,S,S,S,B,S,B,B,S,B,S,B,S,S,S,S,S,S,B,B,B,B,B,B,S,S,S,S,B,S,B,B,S,B,B,S,B,B,S,S,S,S,S,H,B,B,B,S,S,S,S,S,B,B,S,S,B,H,B,S,S,B,S,B,S,H,B,B,B,S,B,S,B,S,B,S,S,S,B,S,B,S,B,B,B,S,B,B,B,B,S,S,B,S,H,B,B,B,S,S,S,S,S,B,B,S,S,B,B,B,B,S,B,B,B,S,B,S,S,B,B,B,S,S,H,S,S,B,S,B,B,S,S,S,B,B,S,S,S,S,B,B,S,S,B,B,S,S,S,B,B,S,B,S,B,S,B,B,S,S,S,S,B,B,S,B,S,S,B,S,S,S,S,S,B,S,B,B,H,B,B,S,B,S,B,B,B,S,S,S,B,B,S,H,S,S,S,B,B,S,S,S,S,S,S,S,B,B,S,B,B,S,B,S,B,B,S,B,S,B,B,B,B,S,B,B,S,B,S,B,S,S,S,H,B,B,B,B,S,B,S,S,B,B,S,S,S,S,S,B,B,B,B,S,B,S,S,B,B,S,B,B,B,S,S,B,B,S,S,B,B,S,B,S,S,S,S,S,S,S,B,B,B,B,B,B,B,S,B,B,S,B,B,B,S,S,S,S,S,B,S,S,S,B,B,S,S,B,S,B,S,S,H,B,S,B,S,S,S,S,B,B,B,S,S,S,B,S,S,B,S,S,S,B,B,B,S,S,S,B,B,S,B,B,B,S,S,B,H,B,B,B,S,S,B,S,S,B,B,S,B,H,B,S,B,B,S,S,B,B,B,S,S,B,S,B,S,S,B,S,S,B,S,B,S,B,S,S,B,S,B,B,S,S,S,S,B,B,S,B,S,B,S,S,B,B,B,S,S,S,B,S,S,S,B,B,S,B,1,1,F21M12,5.7,3.212191,H,S,B,S,S,S,B,S,B,B,S,B,S,B,S,S,S,S,S,S,B,B,B,B,B,B,S,S,S,S,B,S,B,B,S,B,B,S,B,B,S,S,S,S,S,H,B,B,B,S,S,S,S,S,B,B,S,S,B,H,B,S,S,B,S,B,S,H,B,B,B,S,B,S,B,S,B,S,S,S,B,S,B,S,B,B,B,S,B,B,B,B,S,S,B,S,H,B,B,B,S,S,S,S,S,B,B,S,S,B,B,B,B,S,B,B,B,S,B,S,S,B,B,B,S,S,H,S,S,B,S,B,B,S,S,S,B,B,S,S,S,S,B,B,S,S,B,B,S,S,S,B,B,S,B,S,B,S,B,B,S,S,S,S,B,B,S,B,S,S,B,S,S,S,S,S,B,S,B,B,H,B,B,S,B,S,B,B,B,S,S,S,B,B,S,H,S,S,S,B,B,S,S,S,S,S,S,S,B,B,S,B,B,S,B,S,B,B,S,B,S,B,B,B,B,S,B,B,S,B,S,B,S,S,S,H,B,B,B,B,S,B,S,S,B,B,S,S,S,S,S,B,B,B,B,S,B,S,S,B,B,S,B,B,B,S,S,B,B,S,S,B,B,S,B,S,S,S,S,S,S,S,B,B,B,B,B,B,B,S,B,B,S,B,B,B,S,S,S,S,S,B,S,S,S,B,B,S,S,B,S,B,S,S,H,B,S,B,S,S,S,S,B,B,B,S,S,S,B,S,S,B,S,S,S,B,B,B,S,S,S,B,B,S,B,B,B,S,S,B,H,B,B,B,S,S,B,S,S,B,B,S,B,H,B,S,B,B,S,S,B,B,B,S,S,B,S,B,S,S,B,S,S,B,S,B,S,B,S,S,B,S,B,B,S,S,S,S,B,B,S,B,S,B,S,S,B,B,B,S,S,S,B,S,S,S,B,B,S,B,1
 , , , , , , ,1,MSAT1.10,15.700,7.296649,B,S,S,S,S,S,S,S,S,B,B,B,S,B,S,S,S,S,S,S,B,B,B,B,S,B,S,S,S,S,B,S,B,B,S,B,B,S,B,S,S,S,S,B,S,S,B,B,S,S,S,S,B,S,B,B,S,S,B,H,B,B,S,B,S,B,S,B,B,B,H,S,B,B,B,B,B,B,S,B,B,B,B,S,S,B,S,S,B,B,B,B,S,S,B,B,S,B,B,B,S,S,S,S,S,B,B,S,H,B,H,B,S,S,B,B,B,S,B,S,S,B,B,B,S,S,B,S,S,B,S,B,B,S,S,S,B,B,S,S,S,S,B,B,S,S,B,H,S,S,S,B,B,S,S,S,S,S,S,S,S,S,S,S,S,S,S,B,S,S,B,S,S,S,S,B,B,S,B,B,S,B,S,S,B,S,B,B,B,S,H,H,B,B,S,S,S,S,S,B,S,B,S,S,S,B,S,H,B,B,S,B,S,S,B,B,S,B,S,B,S,B,B,B,B,S,B,B,S,B,B,B,S,S,S,B,B,B,B,B,B,B,B,S,B,B,S,B,S,H,S,B,B,B,B,B,B,S,S,B,B,S,S,B,S,S,S,B,S,S,S,S,B,S,B,S,S,S,S,B,S,S,B,B,S,B,B,B,B,S,B,B,S,B,B,B,S,S,S,S,S,S,S,S,S,B,B,S,S,B,B,S,S,S,B,B,S,S,S,S,S,S,B,S,B,S,S,S,B,S,S,S,S,S,S,B,B,B,S,S,S,S,S,B,S,B,B,S,S,S,S,B,B,B,S,S,S,S,S,B,B,S,B,S,B,S,B,B,S,S,S,B,S,S,S,B,S,S,S,S,B,S,S,B,S,B,S,S,S,S,B,S,S,B,S,S,S,S,B,B,S,B,S,B,S,S,B,B,S,B,S,S,B,S,S,B,B,B,B,B,2,1,MSAT1.10,15.7,7.296649,B,S,S,S,S,S,S,S,S,B,B,B,S,B,S,S,S,S,S,S,B,B,B,B,S,B,S,S,S,S,B,S,B,B,S,B,B,S,B,S,S,S,S,B,S,S,B,B,S,S,S,S,B,S,B,B,S,S,B,H,B,B,S,B,S,B,S,B,B,B,H,S,B,B,B,B,B,B,S,B,B,B,B,S,S,B,S,S,B,B,B,B,S,S,B,B,S,B,B,B,S,S,S,S,S,B,B,S,H,B,H,B,S,S,B,B,B,S,B,S,S,B,B,B,S,S,B,S,S,B,S,B,B,S,S,S,B,B,S,S,S,S,B,B,S,S,B,H,S,S,S,B,B,S,S,S,S,S,S,S,S,S,S,S,S,S,S,B,S,S,B,S,S,S,S,B,B,S,B,B,S,B,S,S,B,S,B,B,B,S,H,H,B,B,S,S,S,S,S,B,S,B,S,S,S,B,S,H,B,B,S,B,S,S,B,B,S,B,S,B,S,B,B,B,B,S,B,B,S,B,B,B,S,S,S,B,B,B,B,B,B,B,B,S,B,B,S,B,S,H,S,B,B,B,B,B,B,S,S,B,B,S,S,B,S,S,S,B,S,S,S,S,B,S,B,S,S,S,S,B,S,S,B,B,S,B,B,B,B,S,B,B,S,B,B,B,S,S,S,S,S,S,S,S,S,B,B,S,S,B,B,S,S,S,B,B,S,S,S,S,S,S,B,S,B,S,S,S,B,S,S,S,S,S,S,B,B,B,S,S,S,S,S,B,S,B,B,S,S,S,S,B,B,B,S,S,S,S,S,B,B,S,B,S,B,S,B,B,S,S,S,B,S,S,S,B,S,S,S,S,B,S,S,B,S,B,S,S,S,S,B,S,S,B,S,S,S,S,B,B,S,B,S,B,S,S,B,B,S,B,S,S,B,S,S,B,B,B,B,B,2
 , , , , , , ,1,NGA248,26.900,9.887359,B,S,S,S,S,S,S,S,S,B,S,B,S,B,S,S,S,B,S,S,B,S,B,B,S,B,S,H,S,B,B,S,B,S,S,H,B,S,B,S,S,S,B,B,S,B,B,B,B,S,S,S,B,B,B,B,B,S,B,S,B,B,S,B,S,S,B,B,B,B,S,H,B,H,B,B,B,B,S,B,B,B,B,S,S,B,S,S,B,B,S,S,B,S,B,S,B,B,B,B,S,S,S,S,S,B,S,S,H,B,H,B,S,B,B,B,B,S,B,B,S,B,B,S,B,S,B,S,S,S,S,B,B,S,S,S,B,B,S,S,S,B,B,B,S,S,B,B,S,S,S,B,B,S,S,S,S,S,S,S,S,S,B,S,S,S,B,S,S,S,B,S,B,B,S,B,B,S,B,B,S,B,S,S,B,S,S,B,S,S,B,H,B,B,S,B,S,B,S,B,S,B,S,S,S,B,S,B,B,B,S,B,S,B,S,S,S,B,S,S,S,B,S,B,B,B,B,B,S,B,S,H,S,S,S,B,B,B,B,B,B,B,B,S,B,B,S,B,B,S,S,S,S,B,B,S,B,B,B,B,S,B,S,B,H,S,S,S,S,S,B,S,S,B,B,S,B,S,S,B,S,H,B,B,S,B,B,B,S,S,B,B,B,B,B,B,S,S,S,S,B,B,S,S,B,B,B,S,S,B,B,H,H,S,B,B,S,S,S,S,S,B,B,B,B,S,S,S,B,S,S,B,B,S,B,H,B,B,H,S,S,S,S,B,S,B,B,S,S,S,S,B,B,B,S,S,S,S,S,S,B,H,B,S,B,S,B,B,S,S,S,B,S,S,S,B,S,S,S,S,B,S,S,B,H,B,B,H,S,S,B,B,S,B,S,B,S,B,B,B,B,B,S,B,S,S,B,B,B,H,S,S,B,H,S,B,B,B,B,B,3,1,NGA248,26.9,9.887359,B,S,S,S,S,S,S,S,S,B,S,B,S,B,S,S,S,B,S,S,B,S,B,B,S,B,S,H,S,B,B,S,B,S,S,H,B,S,B,S,S,S,B,B,S,B,B,B,B,S,S,S,B,B,B,B,B,S,B,S,B,B,S,B,S,S,B,B,B,B,S,H,B,H,B,B,B,B,S,B,B,B,B,S,S,B,S,S,B,B,S,S,B,S,B,S,B,B,B,B,S,S,S,S,S,B,S,S,H,B,H,B,S,B,B,B,B,S,B,B,S,B,B,S,B,S,B,S,S,S,S,B,B,S,S,S,B,B,S,S,S,B,B,B,S,S,B,B,S,S,S,B,B,S,S,S,S,S,S,S,S,S,B,S,S,S,B,S,S,S,B,S,B,B,S,B,B,S,B,B,S,B,S,S,B,S,S,B,S,S,B,H,B,B,S,B,S,B,S,B,S,B,S,S,S,B,S,B,B,B,S,B,S,B,S,S,S,B,S,S,S,B,S,B,B,B,B,B,S,B,S,H,S,S,S,B,B,B,B,B,B,B,B,S,B,B,S,B,B,S,S,S,S,B,B,S,B,B,B,B,S,B,S,B,H,S,S,S,S,S,B,S,S,B,B,S,B,S,S,B,S,H,B,B,S,B,B,B,S,S,B,B,B,B,B,B,S,S,S,S,B,B,S,S,B,B,B,S,S,B,B,H,H,S,B,B,S,S,S,S,S,B,B,B,B,S,S,S,B,S,S,B,B,S,B,H,B,B,H,S,S,S,S,B,S,B,B,S,S,S,S,B,B,B,S,S,S,S,S,S,B,H,B,S,B,S,B,B,S,S,S,B,S,S,S,B,S,S,S,S,B,S,S,B,H,B,B,H,S,S,B,B,S,B,S,B,S,B,B,B,B,B,S,B,S,S,B,B,B,H,S,S,B,H,S,B,B,B,B,B,3
 , , , , , , ,1,T27K12,43.600,15.926702,B,S,S,S,S,S,S,S,S,B,S,B,S,B,B,S,B,B,B,S,B,S,S,S,S,B,S,S,S,B,B,B,B,S,S,B,S,S,B,S,S,S,B,H,S,S,B,B,B,S,S,S,B,S,S,S,B,S,S,B,B,B,H,S,B,S,B,B,S,B,S,S,B,S,B,B,B,B,S,S,B,B,S,S,S,B,B,S,B,S,S,S,S,S,B,S,B,B,B,B,S,S,B,B,S,B,B,B,H,S,S,S,S,B,B,B,B,B,B,B,B,B,B,S,B,S,B,S,B,S,S,B,B,B,B,S,B,B,S,S,S,B,B,B,B,S,S,B,S,S,S,B,B,S,S,B,S,B,S,S,S,S,B,B,S,S,S,B,S,S,S,B,S,B,S,B,H,S,S,B,S,B,S,S,B,S,S,S,S,S,B,B,B,B,S,S,S,S,B,B,S,B,S,S,S,B,S,B,S,B,S,B,S,B,B,S,S,B,S,S,S,S,S,B,S,B,B,B,B,B,B,S,B,S,S,B,B,B,B,S,B,B,B,S,B,S,S,B,B,S,S,S,S,B,S,S,S,B,B,S,B,B,S,S,H,S,B,B,B,S,B,S,S,B,B,S,B,S,B,B,S,B,B,B,S,B,S,B,S,S,B,B,B,S,B,B,B,B,S,S,S,B,S,S,B,S,B,S,S,B,B,H,H,B,B,B,B,S,S,B,B,B,B,S,B,S,S,S,B,S,B,B,B,B,B,H,B,B,B,S,S,S,S,B,S,B,S,B,B,S,S,B,B,B,S,B,B,S,B,S,B,S,B,S,B,S,S,B,S,S,S,S,S,B,S,B,S,S,B,S,S,S,S,B,B,B,B,S,B,B,B,B,S,B,S,B,B,H,S,B,B,B,S,B,B,S,B,B,B,H,S,B,H,S,S,B,S,B,B,B,4,1,T27K12,43.6,15.926702,B,S,S,S,S,S,S,S,S,B,S,B,S,B,B,S,B,B,B,S,B,S,S,S,S,B,S,S,S,B,B,B,B,S,S,B,S,S,B,S,S,S,B,H,S,S,B,B,B,S,S,S,B,S,S,S,B,S,S,B,B,B,H,S,B,S,B,B,S,B,S,S,B,S,B,B,B,B,S,S,B,B,S,S,S,B,B,S,B,S,S,S,S,S,B,S,B,B,B,B,S,S,B,B,S,B,B,B,H,S,S,S,S,B,B,B,B,B,B,B,B,B,B,S,B,S,B,S,B,S,S,B,B,B,B,S,B,B,S,S,S,B,B,B,B,S,S,B,S,S,S,B,B,S,S,B,S,B,S,S,S,S,B,B,S,S,S,B,S,S,S,B,S,B,S,B,H,S,S,B,S,B,S,S,B,S,S,S,S,S,B,B,B,B,S,S,S,S,B,B,S,B,S,S,S,B,S,B,S,B,S,B,S,B,B,S,S,B,S,S,S,S,S,B,S,B,B,B,B,B,B,S,B,S,S,B,B,B,B,S,B,B,B,S,B,S,S,B,B,S,S,S,S,B,S,S,S,B,B,S,B,B,S,S,H,S,B,B,B,S,B,S,S,B,B,S,B,S,B,B,S,B,B,B,S,B,S,B,S,S,B,B,B,S,B,B,B,B,S,S,S,B,S,S,B,S,B,S,S,B,B,H,H,B,B,B,B,S,S,B,B,B,B,S,B,S,S,S,B,S,B,B,B,B,B,H,B,B,B,S,S,S,S,B,S,B,S,B,B,S,S,B,B,B,S,B,B,S,B,S,B,S,B,S,B,S,S,B,S,S,S,S,S,B,S,B,S,S,B,S,S,S,S,B,B,B,B,S,B,B,B,B,S,B,S,B,B,H,S,B,B,B,S,B,B,S,B,B,B,H,S,B,H,S,S,B,S,B,B,B,4
 , , , , , , ,1,NGA128,56.300,20.633251,B,S,S,S,S,S,S,B,S,B,S,S,S,S,B,S,B,B,B,S,B,S,S,S,S,B,S,S,B,B,S,B,S,S,B,B,S,S,B,S,S,S,B,H,H,B,B,B,S,S,S,S,B,S,B,B,B,S,S,B,B,B,S,B,B,S,S,H,S,B,S,S,B,S,B,B,B,S,S,S,H,B,S,S,S,B,B,S,S,S,B,S,S,B,B,S,B,H,B,B,S,S,S,B,S,B,B,B,B,B,B,S,S,B,B,B,B,B,S,B,B,S,B,S,B,S,S,S,B,B,S,S,S,B,B,S,B,B,S,H,B,B,B,B,B,S,S,B,S,S,B,B,B,S,S,B,S,B,S,S,S,S,B,B,S,S,B,B,S,S,B,S,B,B,S,S,H,S,S,B,S,B,S,S,S,S,B,B,S,S,S,S,B,S,S,S,B,S,B,B,S,B,S,S,S,B,S,S,S,B,S,S,S,B,B,S,S,B,S,S,S,S,S,B,S,S,S,B,B,B,B,S,B,S,H,B,B,B,B,B,B,B,B,S,S,H,H,B,B,B,S,S,B,B,S,S,S,S,B,S,B,B,S,S,S,B,B,B,B,S,B,S,S,S,B,S,B,B,B,S,S,B,B,B,S,B,S,B,S,B,B,B,B,S,B,B,B,H,B,H,S,B,S,S,B,S,S,S,S,B,B,S,S,B,H,S,B,S,S,B,B,B,B,S,B,B,B,S,S,S,B,S,B,B,B,H,B,B,B,S,B,S,S,B,S,B,S,B,B,S,S,B,B,B,S,B,B,S,B,S,B,B,B,S,B,S,B,B,B,S,B,B,S,B,S,B,S,B,B,S,S,B,S,B,B,B,B,S,S,B,B,B,B,B,S,B,B,B,S,S,S,B,B,S,B,S,B,B,B,S,B,B,H,S,S,B,S,S,S,B,5,1,NGA128,56.3,20.633251,B,S,S,S,S,S,S,B,S,B,S,S,S,S,B,S,B,B,B,S,B,S,S,S,S,B,S,S,B,B,S,B,S,S,B,B,S,S,B,S,S,S,B,H,H,B,B,B,S,S,S,S,B,S,B,B,B,S,S,B,B,B,S,B,B,S,S,H,S,B,S,S,B,S,B,B,B,S,S,S,H,B,S,S,S,B,B,S,S,S,B,S,S,B,B,S,B,H,B,B,S,S,S,B,S,B,B,B,B,B,B,S,S,B,B,B,B,B,S,B,B,S,B,S,B,S,S,S,B,B,S,S,S,B,B,S,B,B,S,H,B,B,B,B,B,S,S,B,S,S,B,B,B,S,S,B,S,B,S,S,S,S,B,B,S,S,B,B,S,S,B,S,B,B,S,S,H,S,S,B,S,B,S,S,S,S,B,B,S,S,S,S,B,S,S,S,B,S,B,B,S,B,S,S,S,B,S,S,S,B,S,S,S,B,B,S,S,B,S,S,S,S,S,B,S,S,S,B,B,B,B,S,B,S,H,B,B,B,B,B,B,B,B,S,S,H,H,B,B,B,S,S,B,B,S,S,S,S,B,S,B,B,S,S,S,B,B,B,B,S,B,S,S,S,B,S,B,B,B,S,S,B,B,B,S,B,S,B,S,B,B,B,B,S,B,B,B,H,B,H,S,B,S,S,B,S,S,S,S,B,B,S,S,B,H,S,B,S,S,B,B,B,B,S,B,B,B,S,S,S,B,S,B,B,B,H,B,B,B,S,B,S,S,B,S,B,S,B,B,S,S,B,B,B,S,B,B,S,B,S,B,B,B,S,B,S,B,B,B,S,B,B,S,B,S,B,S,B,B,S,S,B,S,B,B,B,B,S,S,B,B,B,B,B,S,B,B,B,S,S,S,B,B,S,B,S,B,B,B,S,B,B,H,S,S,B,S,S,S,B,5
 , , , , , , ,1,F5I14,63.700,24.374008,B,S,S,S,B,S,S,B,S,B,S,S,S,S,B,S,B,B,B,S,B,S,S,S,B,B,S,S,B,B,S,B,H,S,S,B,S,S,S,S,S,S,B,H,B,B,B,B,S,S,S,B,B,S,B,B,B,S,B,S,B,B,B,B,B,S,S,H,B,B,S,S,B,S,B,B,B,B,S,S,H,H,S,S,S,B,S,S,S,S,B,S,B,B,B,S,B,S,B,B,S,S,S,B,S,B,B,B,B,B,S,S,S,B,B,B,S,S,S,B,S,S,B,S,B,S,S,S,S,B,S,S,S,B,B,S,S,B,B,S,S,B,S,B,B,S,S,B,S,S,B,B,B,S,S,B,S,B,S,B,S,S,B,S,S,S,B,S,S,S,B,B,B,B,S,S,H,S,B,B,S,B,B,B,S,S,B,B,S,S,S,S,B,S,B,S,B,B,B,B,S,B,S,S,S,B,S,S,S,B,S,S,S,B,B,S,B,B,S,S,S,S,B,B,S,S,S,B,B,B,B,S,B,S,S,S,B,B,B,S,B,B,S,S,B,H,H,B,B,B,S,S,B,B,S,S,S,S,B,S,B,B,S,S,S,B,B,B,B,H,B,S,S,H,B,S,S,S,B,S,S,S,B,B,S,B,S,B,S,B,B,B,B,S,B,B,B,S,B,S,S,B,S,S,B,B,S,S,S,B,B,S,S,B,H,S,B,S,S,B,B,B,B,S,B,B,B,S,S,S,B,S,B,B,B,B,B,B,B,B,S,S,S,B,B,B,S,H,B,S,B,B,B,S,S,B,B,S,B,S,B,B,B,B,B,S,B,B,B,S,B,B,S,B,S,B,S,S,B,S,S,B,S,B,B,B,B,S,S,B,B,B,B,B,S,B,B,B,S,S,S,B,B,S,B,S,B,B,B,B,B,B,B,S,S,B,S,B,S,B,6,1,F5I14,63.7,24.374008,B,S,S,S,B,S,S,B,S,B,S,S,S,S,B,S,B,B,B,S,B,S,S,S,B,B,S,S,B,B,S,B,H,S,S,B,S,S,S,S,S,S,B,H,B,B,B,B,S,S,S,B,B,S,B,B,B,S,B,S,B,B,B,B,B,S,S,H,B,B,S,S,B,S,B,B,B,B,S,S,H,H,S,S,S,B,S,S,S,S,B,S,B,B,B,S,B,S,B,B,S,S,S,B,S,B,B,B,B,B,S,S,S,B,B,B,S,S,S,B,S,S,B,S,B,S,S,S,S,B,S,S,S,B,B,S,S,B,B,S,S,B,S,B,B,S,S,B,S,S,B,B,B,S,S,B,S,B,S,B,S,S,B,S,S,S,B,S,S,S,B,B,B,B,S,S,H,S,B,B,S,B,B,B,S,S,B,B,S,S,S,S,B,S,B,S,B,B,B,B,S,B,S,S,S,B,S,S,S,B,S,S,S,B,B,S,B,B,S,S,S,S,B,B,S,S,S,B,B,B,B,S,B,S,S,S,B,B,B,S,B,B,S,S,B,H,H,B,B,B,S,S,B,B,S,S,S,S,B,S,B,B,S,S,S,B,B,B,B,H,B,S,S,H,B,S,S,S,B,S,S,S,B,B,S,B,S,B,S,B,B,B,B,S,B,B,B,S,B,S,S,B,S,S,B,B,S,S,S,B,B,S,S,B,H,S,B,S,S,B,B,B,B,S,B,B,B,S,S,S,B,S,B,B,B,B,B,B,B,B,S,S,S,B,B,B,S,H,B,S,B,B,B,S,S,B,B,S,B,S,B,B,B,B,B,S,B,B,B,S,B,B,S,B,S,B,S,S,B,S,S,B,S,B,B,B,B,S,S,B,B,B,B,B,S,B,B,B,S,S,S,B,B,S,B,S,B,B,B,B,B,B,B,S,S,B,S,B,S,B,6
 , , , , , , ,1,MSAT1.13,70.400,25.827433,B,B,S,B,B,S,S,B,S,B,S,S,S,S,B,S,B,B,B,H,B,S,S,S,B,B,S,B,B,B,S,B,H,S,S,B,S,S,S,S,S,S,B,S,B,B,B,B,S,S,B,B,B,U,B,B,S,S,B,S,S,B,B,B,B,S,S,S,B,B,S,S,B,S,B,B,B,B,S,S,S,H,S,S,B,B,S,S,S,S,B,S,B,B,B,S,B,S,B,B,S,S,B,B,S,H,B,B,B,B,S,B,S,B,B,B,S,S,S,B,S,S,B,S,B,S,S,S,S,B,S,S,S,B,B,S,S,B,B,S,S,B,S,S,B,S,H,B,S,S,B,B,B,B,S,B,S,B,S,B,S,S,B,S,S,S,B,S,S,S,B,B,B,B,S,S,H,S,B,B,B,B,B,S,B,S,B,B,S,S,S,S,B,S,B,S,B,B,B,B,S,B,S,S,B,B,S,S,S,B,B,B,S,B,B,S,B,S,S,S,S,B,B,B,S,S,S,B,S,B,B,B,B,S,S,S,B,S,B,S,B,B,S,S,B,B,S,B,B,B,B,B,B,S,B,S,S,S,B,S,B,B,S,S,S,B,B,B,H,B,B,S,B,B,B,S,S,S,B,S,S,S,B,B,B,B,S,B,S,S,B,B,B,B,B,B,B,B,B,S,S,B,S,B,B,B,S,S,S,B,B,S,S,B,H,S,B,B,S,B,B,S,B,S,B,B,B,S,S,S,B,S,B,S,S,B,B,B,B,S,S,S,B,B,B,B,S,S,S,S,U,B,B,S,S,B,U,B,B,S,B,B,S,B,B,S,B,B,B,B,B,B,S,B,S,B,S,S,B,S,S,B,S,B,B,B,B,S,B,B,B,B,B,B,S,B,B,B,S,S,S,B,B,S,B,S,B,B,B,B,B,B,B,S,S,S,S,B,B,B,7,1,MSAT1.13,70.4,25.827433,B,B,S,B,B,S,S,B,S,B,S,S,S,S,B,S,B,B,B,H,B,S,S,S,B,B,S,B,B,B,S,B,H,S,S,B,S,S,S,S,S,S,B,S,B,B,B,B,S,S,B,B,B,U,B,B,S,S,B,S,S,B,B,B,B,S,S,S,B,B,S,S,B,S,B,B,B,B,S,S,S,H,S,S,B,B,S,S,S,S,B,S,B,B,B,S,B,S,B,B,S,S,B,B,S,H,B,B,B,B,S,B,S,B,B,B,S,S,S,B,S,S,B,S,B,S,S,S,S,B,S,S,S,B,B,S,S,B,B,S,S,B,S,S,B,S,H,B,S,S,B,B,B,B,S,B,S,B,S,B,S,S,B,S,S,S,B,S,S,S,B,B,B,B,S,S,H,S,B,B,B,B,B,S,B,S,B,B,S,S,S,S,B,S,B,S,B,B,B,B,S,B,S,S,B,B,S,S,S,B,B,B,S,B,B,S,B,S,S,S,S,B,B,B,S,S,S,B,S,B,B,B,B,S,S,S,B,S,B,S,B,B,S,S,B,B,S,B,B,B,B,B,B,S,B,S,S,S,B,S,B,B,S,S,S,B,B,B,H,B,B,S,B,B,B,S,S,S,B,S,S,S,B,B,B,B,S,B,S,S,B,B,B,B,B,B,B,B,B,S,S,B,S,B,B,B,S,S,S,B,B,S,S,B,H,S,B,B,S,B,B,S,B,S,B,B,B,S,S,S,B,S,B,S,S,B,B,B,B,S,S,S,B,B,B,B,S,S,S,S,U,B,B,S,S,B,U,B,B,S,B,B,S,B,B,S,B,B,B,B,B,B,S,B,S,B,S,S,B,S,S,B,S,B,B,B,B,S,B,B,B,B,B,B,S,B,B,B,S,S,S,B,B,S,B,S,B,B,B,B,B,B,B,S,S,S,S,B,B,B,7
 , , , , , , ,1,MSAT1.5,84.100,29.016886,B,B,B,B,B,S,S,S,B,B,S,S,S,B,H,S,B,B,B,S,B,S,S,S,B,S,S,B,B,B,S,B,H,B,B,B,S,S,S,B,S,B,S,S,S,B,S,S,S,S,B,B,B,S,S,B,B,B,B,S,B,B,B,S,S,S,S,S,B,B,B,H,S,S,B,B,B,B,S,B,S,B,S,S,S,B,S,S,S,S,B,S,B,B,B,S,B,S,H,B,S,B,B,S,B,B,B,B,S,B,S,B,S,B,S,B,S,S,S,B,S,S,B,S,B,B,B,S,S,B,S,B,B,B,S,S,B,B,S,B,B,B,S,S,B,S,B,B,S,S,B,B,B,B,B,B,S,B,B,S,S,S,S,S,S,S,B,S,B,S,B,B,B,S,S,S,S,S,S,B,B,S,B,S,B,S,B,S,S,S,S,S,B,S,B,S,B,B,B,B,S,B,S,S,B,B,S,S,S,S,B,B,S,B,B,B,B,S,B,S,S,B,B,B,S,B,B,B,S,B,B,B,B,S,S,S,B,S,B,S,B,B,S,S,B,B,S,B,B,B,B,B,B,S,B,S,S,S,B,S,B,B,S,S,B,H,B,S,B,B,B,B,B,S,S,B,S,S,B,B,S,S,B,B,B,B,S,S,S,B,B,B,B,B,B,B,B,B,B,S,S,B,S,B,B,B,B,B,S,S,B,S,S,B,H,S,B,B,S,B,S,S,B,S,S,B,B,S,S,B,B,S,B,S,S,B,S,B,B,S,H,B,B,S,B,B,S,S,B,B,S,B,B,B,S,B,S,S,B,B,S,B,S,B,S,S,B,B,B,B,B,B,S,B,B,B,S,S,S,S,B,B,S,H,B,B,B,B,B,B,B,B,B,B,S,B,H,B,S,B,S,B,B,B,B,B,B,B,B,B,B,B,B,S,S,S,S,S,B,B,8,1,MSAT1.5,84.1,29.016886,B,B,B,B,B,S,S,S,B,B,S,S,S,B,H,S,B,B,B,S,B,S,S,S,B,S,S,B,B,B,S,B,H,B,B,B,S,S,S,B,S,B,S,S,S,B,S,S,S,S,B,B,B,S,S,B,B,B,B,S,B,B,B,S,S,S,S,S,B,B,B,H,S,S,B,B,B,B,S,B,S,B,S,S,S,B,S,S,S,S,B,S,B,B,B,S,B,S,H,B,S,B,B,S,B,B,B,B,S,B,S,B,S,B,S,B,S,S,S,B,S,S,B,S,B,B,B,S,S,B,S,B,B,B,S,S,B,B,S,B,B,B,S,S,B,S,B,B,S,S,B,B,B,B,B,B,S,B,B,S,S,S,S,S,S,S,B,S,B,S,B,B,B,S,S,S,S,S,S,B,B,S,B,S,B,S,B,S,S,S,S,S,B,S,B,S,B,B,B,B,S,B,S,S,B,B,S,S,S,S,B,B,S,B,B,B,B,S,B,S,S,B,B,B,S,B,B,B,S,B,B,B,B,S,S,S,B,S,B,S,B,B,S,S,B,B,S,B,B,B,B,B,B,S,B,S,S,S,B,S,B,B,S,S,B,H,B,S,B,B,B,B,B,S,S,B,S,S,B,B,S,S,B,B,B,B,S,S,S,B,B,B,B,B,B,B,B,B,B,S,S,B,S,B,B,B,B,B,S,S,B,S,S,B,H,S,B,B,S,B,S,S,B,S,S,B,B,S,S,B,B,S,B,S,S,B,S,B,B,S,H,B,B,S,B,B,S,S,B,B,S,B,B,B,S,B,S,S,B,B,S,B,S,B,S,S,B,B,B,B,B,B,S,B,B,B,S,S,S,S,B,B,S,H,B,B,B,B,B,B,B,B,B,B,S,B,H,B,S,B,S,B,B,B,B,B,B,B,B,B,B,B,B,S,S,S,S,S,B,B,8
 , , , , , , ,2,MSAT2.5,0.000,0.208178,B,S,S,S,B,B,B,B,B,H,B,B,B,B,S,S,B,B,B,B,S,B,S,S,B,B,S,S,B,S,B,S,B,S,S,B,B,S,B,B,B,B,S,S,B,B,S,S,S,S,S,S,S,S,H,B,S,B,S,S,S,B,S,S,B,S,S,S,B,B,B,S,B,S,B,B,S,B,H,B,B,S,B,B,S,B,B,B,B,B,B,S,S,S,H,S,B,S,B,S,S,B,B,S,B,B,B,S,B,B,S,H,B,B,B,S,B,B,S,S,S,B,S,S,S,S,B,B,S,B,S,B,B,B,S,S,S,B,B,S,B,S,B,S,S,B,S,S,S,S,B,S,B,B,S,B,B,B,B,B,B,B,S,B,B,S,B,S,S,S,B,B,B,B,H,B,S,S,S,S,S,B,S,B,B,B,S,S,S,S,S,B,S,B,S,S,S,H,S,B,B,S,S,B,B,S,S,H,S,S,S,B,B,S,S,B,H,B,B,B,S,S,B,S,B,B,H,B,S,B,B,B,S,B,S,B,B,B,B,S,S,S,B,S,S,B,H,S,B,S,S,S,S,S,B,B,B,B,S,B,B,S,B,S,S,S,S,B,S,B,B,S,B,B,S,S,S,B,S,B,B,B,B,S,B,S,S,S,B,S,B,S,B,B,S,B,S,S,S,B,B,B,B,B,S,B,B,S,S,S,S,S,B,S,S,S,S,B,B,S,S,B,S,B,S,B,B,B,H,B,S,S,B,S,S,S,S,B,B,B,B,S,B,S,B,H,S,B,B,S,S,S,B,B,B,S,B,B,S,S,S,B,S,B,S,B,B,S,B,S,S,S,S,B,S,S,B,H,B,B,B,S,S,S,S,B,B,B,B,S,B,B,S,B,B,S,B,S,S,S,B,S,S,B,S,B,S,S,S,S,S,B,S,S,H,S,B,B,H,S,9,2,MSAT2.5,0.0,0.208178,B,S,S,S,B,B,B,B,B,H,B,B,B,B,S,S,B,B,B,B,S,B,S,S,B,B,S,S,B,S,B,S,B,S,S,B,B,S,B,B,B,B,S,S,B,B,S,S,S,S,S,S,S,S,H,B,S,B,S,S,S,B,S,S,B,S,S,S,B,B,B,S,B,S,B,B,S,B,H,B,B,S,B,B,S,B,B,B,B,B,B,S,S,S,H,S,B,S,B,S,S,B,B,S,B,B,B,S,B,B,S,H,B,B,B,S,B,B,S,S,S,B,S,S,S,S,B,B,S,B,S,B,B,B,S,S,S,B,B,S,B,S,B,S,S,B,S,S,S,S,B,S,B,B,S,B,B,B,B,B,B,B,S,B,B,S,B,S,S,S,B,B,B,B,H,B,S,S,S,S,S,B,S,B,B,B,S,S,S,S,S,B,S,B,S,S,S,H,S,B,B,S,S,B,B,S,S,H,S,S,S,B,B,S,S,B,H,B,B,B,S,S,B,S,B,B,H,B,S,B,B,B,S,B,S,B,B,B,B,S,S,S,B,S,S,B,H,S,B,S,S,S,S,S,B,B,B,B,S,B,B,S,B,S,S,S,S,B,S,B,B,S,B,B,S,S,S,B,S,B,B,B,B,S,B,S,S,S,B,S,B,S,B,B,S,B,S,S,S,B,B,B,B,B,S,B,B,S,S,S,S,S,B,S,S,S,S,B,B,S,S,B,S,B,S,B,B,B,H,B,S,S,B,S,S,S,S,B,B,B,B,S,B,S,B,H,S,B,B,S,S,S,B,B,B,S,B,B,S,S,S,B,S,B,S,B,B,S,B,S,S,S,S,B,S,S,B,H,B,B,B,S,S,S,S,B,B,B,B,S,B,B,S,B,B,S,B,S,S,S,B,S,S,B,S,B,S,S,S,S,S,B,S,S,H,S,B,B,H,S,9
 , , , , , , ,2,MSAT2.38,13.000,2.457014,B,S,S,S,B,B,B,B,B,H,B,S,B,B,S,S,S,B,B,B,S,S,S,S,H,B,S,S,B,B,B,S,B,S,S,B,B,S,B,B,B,B,S,S,B,B,S,S,S,B,S,S,S,S,H,B,S,B,S,S,B,B,S,S,B,B,B,S,B,B,B,S,B,B,S,B,S,S,B,B,B,B,B,S,S,B,B,B,B,S,B,S,S,S,H,S,B,S,B,S,H,B,S,S,B,B,B,S,S,B,S,H,B,B,B,H,H,B,S,S,S,B,S,B,S,S,B,S,S,S,B,B,B,S,B,B,S,B,B,S,S,S,B,S,S,B,S,B,S,S,B,S,S,B,B,B,B,B,B,S,B,S,S,B,B,S,B,S,S,S,B,B,B,B,H,B,S,S,B,S,B,S,S,S,B,S,S,S,S,B,S,S,S,B,B,S,S,H,S,B,B,S,S,B,B,S,S,H,S,B,B,S,B,S,S,B,S,B,S,B,B,S,B,S,B,B,H,B,S,S,B,B,B,S,S,B,B,B,B,B,B,S,B,S,S,B,H,S,B,B,S,S,B,B,S,S,B,B,S,B,B,S,S,B,S,S,S,B,S,B,B,S,S,B,S,B,S,B,S,B,S,S,S,S,B,S,S,S,B,S,B,S,B,B,S,B,S,S,S,B,B,B,B,B,S,B,B,S,S,B,S,B,B,B,S,S,S,B,S,S,B,B,S,B,S,B,B,S,H,B,S,S,B,S,S,S,S,B,B,B,B,B,B,S,B,B,B,B,B,S,B,S,B,B,S,H,B,B,B,B,S,B,B,B,S,B,B,B,B,S,S,S,B,B,S,S,S,S,B,B,B,S,S,S,S,B,S,B,B,S,S,B,S,B,S,S,B,S,S,S,B,S,S,B,S,B,S,S,B,S,H,B,S,S,S,S,S,B,S,S,10,2,MSAT2.38,13.0,2.457014,B,S,S,S,B,B,B,B,B,H,B,S,B,B,S,S,S,B,B,B,S,S,S,S,H,B,S,S,B,B,B,S,B,S,S,B,B,S,B,B,B,B,S,S,B,B,S,S,S,B,S,S,S,S,H,B,S,B,S,S,B,B,S,S,B,B,B,S,B,B,B,S,B,B,S,B,S,S,B,B,B,B,B,S,S,B,B,B,B,S,B,S,S,S,H,S,B,S,B,S,H,B,S,S,B,B,B,S,S,B,S,H,B,B,B,H,H,B,S,S,S,B,S,B,S,S,B,S,S,S,B,B,B,S,B,B,S,B,B,S,S,S,B,S,S,B,S,B,S,S,B,S,S,B,B,B,B,B,B,S,B,S,S,B,B,S,B,S,S,S,B,B,B,B,H,B,S,S,B,S,B,S,S,S,B,S,S,S,S,B,S,S,S,B,B,S,S,H,S,B,B,S,S,B,B,S,S,H,S,B,B,S,B,S,S,B,S,B,S,B,B,S,B,S,B,B,H,B,S,S,B,B,B,S,S,B,B,B,B,B,B,S,B,S,S,B,H,S,B,B,S,S,B,B,S,S,B,B,S,B,B,S,S,B,S,S,S,B,S,B,B,S,S,B,S,B,S,B,S,B,S,S,S,S,B,S,S,S,B,S,B,S,B,B,S,B,S,S,S,B,B,B,B,B,S,B,B,S,S,B,S,B,B,B,S,S,S,B,S,S,B,B,S,B,S,B,B,S,H,B,S,S,B,S,S,S,S,B,B,B,B,B,B,S,B,B,B,B,B,S,B,S,B,B,S,H,B,B,B,B,S,B,B,B,S,B,B,B,B,S,S,S,B,B,S,S,S,S,B,B,B,S,S,S,S,B,S,B,B,S,S,B,S,B,S,S,B,S,S,S,B,S,S,B,S,B,S,S,B,S,H,B,S,S,S,S,S,B,S,S,10
 , , , , , , ,2,MSAT2.36,26.800,8.685521,B,S,B,S,B,B,S,S,B,H,B,S,B,B,S,B,S,S,S,B,S,B,S,B,B,S,S,S,B,S,B,S,B,S,B,B,S,S,B,S,B,B,S,B,B,B,B,S,S,B,S,B,S,S,B,B,S,B,S,S,H,B,S,S,S,B,B,S,B,B,B,S,B,B,S,B,B,S,B,S,B,B,S,S,S,B,B,B,B,S,B,S,S,S,B,S,B,S,B,S,B,B,S,S,B,B,B,S,S,B,S,S,B,S,B,B,S,B,S,S,B,B,S,B,S,S,B,B,B,S,S,S,B,S,B,S,B,B,B,S,S,H,B,S,S,B,S,S,B,B,B,S,S,B,B,B,S,B,B,B,B,S,S,B,B,S,B,S,S,S,B,S,B,B,H,B,B,S,B,S,S,S,S,S,B,S,S,B,B,B,B,S,B,B,S,S,S,B,B,B,B,S,B,B,B,S,H,S,S,B,B,S,B,S,S,B,B,B,S,B,B,B,S,S,S,B,B,B,S,B,B,B,B,S,S,B,B,S,B,B,B,S,B,S,S,B,B,B,B,S,S,S,B,S,S,S,B,B,S,B,B,S,B,B,S,B,S,B,S,B,B,B,B,B,S,B,S,B,B,B,S,S,S,B,B,S,S,B,S,S,B,S,B,B,S,B,B,S,B,B,S,B,B,B,S,S,B,S,H,B,H,S,B,S,S,S,S,B,S,S,B,B,H,B,S,B,S,S,S,B,B,S,B,H,S,B,B,B,B,B,B,B,S,S,B,S,B,B,S,S,B,S,B,B,S,B,B,B,B,B,S,B,B,B,S,S,B,B,B,B,S,S,B,B,S,B,S,S,B,B,S,S,B,S,S,B,S,S,B,S,S,B,S,B,S,S,S,S,S,S,S,S,S,B,S,H,B,S,B,S,H,B,S,S,S,S,S,B,H,S,11,2,MSAT2.36,26.8,8.685521,B,S,B,S,B,B,S,S,B,H,B,S,B,B,S,B,S,S,S,B,S,B,S,B,B,S,S,S,B,S,B,S,B,S,B,B,S,S,B,S,B,B,S,B,B,B,B,S,S,B,S,B,S,S,B,B,S,B,S,S,H,B,S,S,S,B,B,S,B,B,B,S,B,B,S,B,B,S,B,S,B,B,S,S,S,B,B,B,B,S,B,S,S,S,B,S,B,S,B,S,B,B,S,S,B,B,B,S,S,B,S,S,B,S,B,B,S,B,S,S,B,B,S,B,S,S,B,B,B,S,S,S,B,S,B,S,B,B,B,S,S,H,B,S,S,B,S,S,B,B,B,S,S,B,B,B,S,B,B,B,B,S,S,B,B,S,B,S,S,S,B,S,B,B,H,B,B,S,B,S,S,S,S,S,B,S,S,B,B,B,B,S,B,B,S,S,S,B,B,B,B,S,B,B,B,S,H,S,S,B,B,S,B,S,S,B,B,B,S,B,B,B,S,S,S,B,B,B,S,B,B,B,B,S,S,B,B,S,B,B,B,S,B,S,S,B,B,B,B,S,S,S,B,S,S,S,B,B,S,B,B,S,B,B,S,B,S,B,S,B,B,B,B,B,S,B,S,B,B,B,S,S,S,B,B,S,S,B,S,S,B,S,B,B,S,B,B,S,B,B,S,B,B,B,S,S,B,S,H,B,H,S,B,S,S,S,S,B,S,S,B,B,H,B,S,B,S,S,S,B,B,S,B,H,S,B,B,B,B,B,B,B,S,S,B,S,B,B,S,S,B,S,B,B,S,B,B,B,B,B,S,B,B,B,S,S,B,B,B,B,S,S,B,B,S,B,S,S,B,B,S,S,B,S,S,B,S,S,B,S,S,B,S,B,S,S,S,S,S,S,S,S,S,B,S,H,B,S,B,S,H,B,S,S,S,S,S,B,H,S,11
 , , , , , , ,2,MSAT2.41,34.500,11.095452,S,S,B,B,B,H,S,S,B,S,B,S,B,B,S,B,S,S,S,B,S,S,S,S,B,S,S,S,B,B,B,S,B,S,B,B,S,B,B,S,B,B,S,B,B,B,B,S,B,B,S,B,B,B,B,B,S,B,S,S,B,B,S,S,S,B,B,S,S,B,B,S,B,B,S,B,B,S,B,S,B,B,H,B,B,B,B,B,B,S,S,S,S,S,B,S,B,B,B,S,B,B,S,S,B,B,B,S,S,B,S,S,B,S,B,B,S,B,B,B,S,B,S,B,S,S,B,B,S,S,B,S,B,S,B,S,B,B,B,S,S,H,S,S,S,B,S,S,B,B,B,B,S,B,B,S,S,B,B,B,H,S,S,B,B,S,B,B,B,S,B,S,B,B,B,B,B,S,B,S,S,S,S,S,B,S,S,B,B,B,B,S,B,B,S,S,H,B,B,B,S,S,B,B,B,S,H,B,S,B,B,S,S,S,S,B,B,B,S,B,B,B,B,S,S,B,B,B,S,B,B,B,S,B,S,B,B,S,B,B,B,B,B,S,S,B,B,B,B,S,H,S,B,S,S,S,B,B,S,S,B,S,B,S,S,B,S,B,B,B,B,B,B,B,S,B,B,B,B,B,S,S,S,B,B,S,S,S,S,S,B,S,B,B,S,B,B,S,S,B,S,B,B,B,B,B,B,B,H,B,H,S,B,S,S,B,S,B,S,S,B,B,B,B,S,B,S,S,S,B,B,S,B,H,S,B,S,B,B,B,B,B,S,S,B,B,B,B,B,S,B,S,B,B,B,B,B,B,B,B,S,B,B,B,S,S,B,B,B,B,S,S,B,B,S,B,S,B,B,B,S,B,B,B,S,B,S,S,B,B,S,B,S,B,S,S,S,S,S,B,S,B,S,B,S,B,B,B,B,S,H,B,S,B,S,S,S,B,H,S,12,2,MSAT2.41,34.5,11.095452,S,S,B,B,B,H,S,S,B,S,B,S,B,B,S,B,S,S,S,B,S,S,S,S,B,S,S,S,B,B,B,S,B,S,B,B,S,B,B,S,B,B,S,B,B,B,B,S,B,B,S,B,B,B,B,B,S,B,S,S,B,B,S,S,S,B,B,S,S,B,B,S,B,B,S,B,B,S,B,S,B,B,H,B,B,B,B,B,B,S,S,S,S,S,B,S,B,B,B,S,B,B,S,S,B,B,B,S,S,B,S,S,B,S,B,B,S,B,B,B,S,B,S,B,S,S,B,B,S,S,B,S,B,S,B,S,B,B,B,S,S,H,S,S,S,B,S,S,B,B,B,B,S,B,B,S,S,B,B,B,H,S,S,B,B,S,B,B,B,S,B,S,B,B,B,B,B,S,B,S,S,S,S,S,B,S,S,B,B,B,B,S,B,B,S,S,H,B,B,B,S,S,B,B,B,S,H,B,S,B,B,S,S,S,S,B,B,B,S,B,B,B,B,S,S,B,B,B,S,B,B,B,S,B,S,B,B,S,B,B,B,B,B,S,S,B,B,B,B,S,H,S,B,S,S,S,B,B,S,S,B,S,B,S,S,B,S,B,B,B,B,B,B,B,S,B,B,B,B,B,S,S,S,B,B,S,S,S,S,S,B,S,B,B,S,B,B,S,S,B,S,B,B,B,B,B,B,B,H,B,H,S,B,S,S,B,S,B,S,S,B,B,B,B,S,B,S,S,S,B,B,S,B,H,S,B,S,B,B,B,B,B,S,S,B,B,B,B,B,S,B,S,B,B,B,B,B,B,B,B,S,B,B,B,S,S,B,B,B,B,S,S,B,B,S,B,S,B,B,B,S,B,B,B,S,B,S,S,B,B,S,B,S,B,S,S,S,S,S,B,S,B,S,B,S,B,B,B,B,S,H,B,S,B,S,S,S,B,H,S,12
 , , , , , , ,2,MSAT2.7,42.700,13.192607,S,S,B,B,B,H,S,S,B,S,B,S,B,B,B,B,S,B,S,B,S,S,B,S,S,B,S,S,B,B,B,S,B,S,B,B,S,B,B,S,B,B,B,B,B,B,B,S,B,B,S,B,S,B,B,B,S,B,S,S,B,B,S,S,S,B,B,S,S,B,B,S,S,B,S,B,B,S,B,S,B,B,H,B,B,B,B,B,B,S,B,S,B,S,B,S,S,B,B,S,B,B,S,S,B,B,B,B,S,B,B,B,B,B,B,B,S,B,B,B,S,H,B,B,S,S,S,B,S,S,B,S,B,S,B,S,B,B,B,S,S,H,S,B,S,B,S,B,B,B,B,B,B,B,B,B,S,B,B,B,H,S,B,B,B,S,B,B,B,S,B,B,B,S,B,B,B,B,B,S,S,S,S,B,B,S,S,B,B,B,B,S,B,B,S,B,S,B,B,B,S,S,B,S,S,S,B,B,S,B,B,B,S,S,S,B,B,B,S,B,B,B,B,S,S,B,B,B,S,B,B,B,S,B,S,B,B,S,B,B,B,B,B,S,S,B,B,B,B,B,H,S,B,S,S,S,B,B,S,B,B,S,H,S,S,B,S,B,B,B,B,B,B,B,B,B,B,B,B,B,S,S,S,B,B,B,S,S,S,S,S,B,B,B,B,B,S,H,S,B,S,B,B,B,B,B,B,B,S,B,H,S,B,B,S,B,H,B,S,S,B,B,B,S,S,B,S,S,S,B,B,B,B,H,S,B,S,H,S,B,B,B,S,S,B,B,B,B,B,S,B,B,B,B,S,B,B,B,B,B,S,B,B,B,S,S,B,B,B,B,S,B,B,B,S,B,S,B,B,S,S,B,B,S,S,B,S,S,B,B,S,B,S,B,S,B,S,S,B,B,S,B,S,B,B,B,S,B,B,B,S,B,S,S,S,B,H,B,B,B,13,2,MSAT2.7,42.7,13.192607,S,S,B,B,B,H,S,S,B,S,B,S,B,B,B,B,S,B,S,B,S,S,B,S,S,B,S,S,B,B,B,S,B,S,B,B,S,B,B,S,B,B,B,B,B,B,B,S,B,B,S,B,S,B,B,B,S,B,S,S,B,B,S,S,S,B,B,S,S,B,B,S,S,B,S,B,B,S,B,S,B,B,H,B,B,B,B,B,B,S,B,S,B,S,B,S,S,B,B,S,B,B,S,S,B,B,B,B,S,B,B,B,B,B,B,B,S,B,B,B,S,H,B,B,S,S,S,B,S,S,B,S,B,S,B,S,B,B,B,S,S,H,S,B,S,B,S,B,B,B,B,B,B,B,B,B,S,B,B,B,H,S,B,B,B,S,B,B,B,S,B,B,B,S,B,B,B,B,B,S,S,S,S,B,B,S,S,B,B,B,B,S,B,B,S,B,S,B,B,B,S,S,B,S,S,S,B,B,S,B,B,B,S,S,S,B,B,B,S,B,B,B,B,S,S,B,B,B,S,B,B,B,S,B,S,B,B,S,B,B,B,B,B,S,S,B,B,B,B,B,H,S,B,S,S,S,B,B,S,B,B,S,H,S,S,B,S,B,B,B,B,B,B,B,B,B,B,B,B,B,S,S,S,B,B,B,S,S,S,S,S,B,B,B,B,B,S,H,S,B,S,B,B,B,B,B,B,B,S,B,H,S,B,B,S,B,H,B,S,S,B,B,B,S,S,B,S,S,S,B,B,B,B,H,S,B,S,H,S,B,B,B,S,S,B,B,B,B,B,S,B,B,B,B,S,B,B,B,B,B,S,B,B,B,S,S,B,B,B,B,S,B,B,B,S,B,S,B,B,S,S,B,B,S,S,B,S,S,B,B,S,B,S,B,S,B,S,S,B,B,S,B,S,B,B,B,S,B,B,B,S,B,S,S,S,B,H,B,B,B,13
 , , , , , , ,2,MSAT2.10,55.900,18.019832,S,S,S,B,S,B,S,S,B,B,B,S,B,B,B,B,H,B,S,B,S,S,B,B,B,S,S,S,B,B,B,S,B,S,B,B,S,B,B,S,B,B,B,B,S,B,B,S,B,B,S,B,S,B,B,B,S,B,S,S,B,B,B,S,S,B,B,S,S,H,B,S,B,S,B,S,S,S,B,S,B,S,B,B,B,B,B,B,B,B,S,S,B,S,B,S,S,B,B,S,S,B,S,S,B,B,B,S,B,B,B,B,B,B,B,B,S,B,B,B,S,B,B,B,S,B,S,S,S,S,S,H,B,S,B,S,B,B,B,B,S,B,S,B,S,B,S,B,B,B,B,B,B,B,B,H,S,B,B,S,S,S,S,B,B,S,B,B,B,B,B,S,B,H,B,B,S,B,S,S,S,S,S,B,B,S,S,B,S,B,B,B,S,B,B,B,S,S,B,B,S,S,B,S,S,B,B,S,S,B,S,B,S,S,B,B,B,S,H,B,B,B,B,B,S,S,B,S,S,B,S,B,B,B,S,B,S,S,B,B,S,B,B,S,S,B,B,S,S,B,B,B,B,S,S,S,B,B,B,S,B,S,B,S,B,B,B,S,B,B,B,B,S,B,B,H,B,B,B,B,S,S,S,S,B,B,B,S,B,S,H,H,B,S,B,B,S,B,B,S,S,B,B,B,B,B,B,B,S,B,B,S,B,B,S,B,B,B,S,B,B,B,B,S,S,S,S,S,S,B,H,B,B,S,S,B,S,H,B,B,B,B,S,S,B,B,B,B,B,S,S,B,B,S,S,B,S,B,B,B,B,S,B,S,B,S,B,S,H,B,S,B,B,B,S,S,B,B,B,S,S,B,B,S,S,B,S,S,B,B,S,B,S,B,S,B,S,B,B,B,S,S,S,B,H,B,B,B,B,B,S,B,B,S,S,B,B,B,B,H,14,2,MSAT2.10,55.9,18.019832,S,S,S,B,S,B,S,S,B,B,B,S,B,B,B,B,H,B,S,B,S,S,B,B,B,S,S,S,B,B,B,S,B,S,B,B,S,B,B,S,B,B,B,B,S,B,B,S,B,B,S,B,S,B,B,B,S,B,S,S,B,B,B,S,S,B,B,S,S,H,B,S,B,S,B,S,S,S,B,S,B,S,B,B,B,B,B,B,B,B,S,S,B,S,B,S,S,B,B,S,S,B,S,S,B,B,B,S,B,B,B,B,B,B,B,B,S,B,B,B,S,B,B,B,S,B,S,S,S,S,S,H,B,S,B,S,B,B,B,B,S,B,S,B,S,B,S,B,B,B,B,B,B,B,B,H,S,B,B,S,S,S,S,B,B,S,B,B,B,B,B,S,B,H,B,B,S,B,S,S,S,S,S,B,B,S,S,B,S,B,B,B,S,B,B,B,S,S,B,B,S,S,B,S,S,B,B,S,S,B,S,B,S,S,B,B,B,S,H,B,B,B,B,B,S,S,B,S,S,B,S,B,B,B,S,B,S,S,B,B,S,B,B,S,S,B,B,S,S,B,B,B,B,S,S,S,B,B,B,S,B,S,B,S,B,B,B,S,B,B,B,B,S,B,B,H,B,B,B,B,S,S,S,S,B,B,B,S,B,S,H,H,B,S,B,B,S,B,B,S,S,B,B,B,B,B,B,B,S,B,B,S,B,B,S,B,B,B,S,B,B,B,B,S,S,S,S,S,S,B,H,B,B,S,S,B,S,H,B,B,B,B,S,S,B,B,B,B,B,S,S,B,B,S,S,B,S,B,B,B,B,S,B,S,B,S,B,S,H,B,S,B,B,B,S,S,B,B,B,S,S,B,B,S,S,B,S,S,B,B,S,B,S,B,S,B,S,B,B,B,S,S,S,B,H,B,B,B,B,B,S,B,B,S,S,B,B,B,B,H,14
 , , , , , , ,2,MSAT2.22,62.500,19.632943,S,S,S,B,S,B,B,S,B,B,B,S,B,B,B,B,B,S,S,B,S,S,B,B,B,S,S,S,B,S,B,B,B,S,H,B,S,B,B,S,B,S,B,B,S,S,S,B,B,B,S,B,S,B,S,B,S,B,S,B,B,B,B,B,S,B,B,S,S,S,B,S,S,S,B,S,S,S,B,S,B,S,B,B,B,B,B,B,B,B,B,S,B,S,B,S,S,B,B,S,S,B,B,S,S,S,B,S,B,B,B,B,S,B,B,B,S,S,B,B,S,B,B,B,B,B,S,S,S,S,S,H,B,S,B,S,B,B,S,B,S,B,S,B,S,B,B,B,B,B,B,S,S,B,B,H,S,B,B,S,S,S,B,B,B,S,B,B,S,B,B,S,B,S,B,S,S,B,S,S,S,S,S,B,B,S,S,B,S,B,B,B,S,B,B,B,S,S,B,B,S,S,B,S,S,S,S,S,S,B,S,B,S,S,B,B,B,S,S,B,B,B,B,S,S,S,B,S,S,B,S,B,B,B,S,B,S,S,B,S,S,B,B,S,S,B,B,S,S,B,S,B,B,S,S,S,B,B,B,S,B,S,B,S,B,B,S,S,B,S,B,B,S,B,B,S,B,B,B,B,S,H,S,S,B,B,B,B,B,H,H,B,B,S,B,B,S,B,B,S,S,B,B,B,B,B,B,B,S,B,B,S,B,B,S,B,B,B,S,B,S,B,B,S,S,S,B,B,S,B,S,B,B,B,S,B,S,S,B,S,B,S,S,S,B,B,B,B,B,S,B,B,S,S,S,B,S,B,B,B,B,S,B,S,B,S,B,S,B,S,S,B,B,B,S,S,B,B,B,S,B,B,B,S,S,B,S,S,B,S,S,B,S,B,S,B,S,B,B,B,S,S,S,B,H,B,B,B,B,B,S,B,B,S,S,B,S,B,B,B,15,2,MSAT2.22,62.5,19.632943,S,S,S,B,S,B,B,S,B,B,B,S,B,B,B,B,B,S,S,B,S,S,B,B,B,S,S,S,B,S,B,B,B,S,H,B,S,B,B,S,B,S,B,B,S,S,S,B,B,B,S,B,S,B,S,B,S,B,S,B,B,B,B,B,S,B,B,S,S,S,B,S,S,S,B,S,S,S,B,S,B,S,B,B,B,B,B,B,B,B,B,S,B,S,B,S,S,B,B,S,S,B,B,S,S,S,B,S,B,B,B,B,S,B,B,B,S,S,B,B,S,B,B,B,B,B,S,S,S,S,S,H,B,S,B,S,B,B,S,B,S,B,S,B,S,B,B,B,B,B,B,S,S,B,B,H,S,B,B,S,S,S,B,B,B,S,B,B,S,B,B,S,B,S,B,S,S,B,S,S,S,S,S,B,B,S,S,B,S,B,B,B,S,B,B,B,S,S,B,B,S,S,B,S,S,S,S,S,S,B,S,B,S,S,B,B,B,S,S,B,B,B,B,S,S,S,B,S,S,B,S,B,B,B,S,B,S,S,B,S,S,B,B,S,S,B,B,S,S,B,S,B,B,S,S,S,B,B,B,S,B,S,B,S,B,B,S,S,B,S,B,B,S,B,B,S,B,B,B,B,S,H,S,S,B,B,B,B,B,H,H,B,B,S,B,B,S,B,B,S,S,B,B,B,B,B,B,B,S,B,B,S,B,B,S,B,B,B,S,B,S,B,B,S,S,S,B,B,S,B,S,B,B,B,S,B,S,S,B,S,B,S,S,S,B,B,B,B,B,S,B,B,S,S,S,B,S,B,B,B,B,S,B,S,B,S,B,S,B,S,S,B,B,B,S,S,B,B,B,S,B,B,B,S,S,B,S,S,B,S,S,B,S,B,S,B,S,B,B,B,S,S,S,B,H,B,B,B,B,B,S,B,B,S,S,B,S,B,B,B,15
 , , , , , , ,3,NGA172,0.000,0.786303,H,B,B,B,S,B,B,S,S,S,B,S,S,S,B,B,B,B,S,S,S,S,H,S,S,S,S,B,S,B,B,B,S,S,S,B,S,S,S,S,B,B,S,S,B,B,S,S,B,S,B,B,S,S,B,S,B,S,S,S,B,S,S,S,S,B,S,S,S,B,S,B,B,B,S,B,S,S,B,B,S,S,B,B,S,B,B,S,B,B,S,S,S,S,S,B,B,B,S,S,S,S,S,H,B,S,S,S,B,B,S,S,S,S,S,B,S,S,B,B,S,B,B,B,S,S,B,H,S,B,S,B,B,B,B,S,B,S,B,B,B,B,S,S,S,S,S,S,S,S,S,B,B,S,S,S,B,B,S,B,B,S,B,B,S,S,S,S,B,S,B,B,S,B,B,S,B,B,S,S,B,S,B,B,S,S,S,S,S,B,B,S,B,B,B,S,H,B,S,B,B,S,S,B,H,B,B,B,S,B,S,S,S,S,B,B,B,B,S,B,B,S,B,S,B,S,B,H,B,B,B,S,H,S,S,B,S,B,B,S,B,B,S,S,S,B,B,S,B,S,B,S,B,B,S,B,S,B,S,S,S,S,H,H,B,B,S,S,B,B,S,S,B,B,S,B,B,B,B,S,B,B,B,B,B,B,B,S,B,B,B,S,S,B,B,S,B,B,B,B,B,B,S,S,B,B,B,S,B,B,B,B,S,S,B,S,B,S,S,B,S,S,B,S,S,S,S,S,B,H,B,S,S,B,B,B,B,B,B,B,B,B,B,S,S,B,S,S,S,B,B,S,S,S,S,S,S,S,B,B,S,S,S,S,S,B,B,H,S,S,S,B,B,S,B,S,S,S,B,B,B,B,B,B,S,B,S,B,B,B,B,S,B,S,B,S,S,S,S,S,S,S,B,B,S,S,S,B,B,S,S,H,S,S,S,B,S,S,B,S,16,3,NGA172,0.0,0.786303,H,B,B,B,S,B,B,S,S,S,B,S,S,S,B,B,B,B,S,S,S,S,H,S,S,S,S,B,S,B,B,B,S,S,S,B,S,S,S,S,B,B,S,S,B,B,S,S,B,S,B,B,S,S,B,S,B,S,S,S,B,S,S,S,S,B,S,S,S,B,S,B,B,B,S,B,S,S,B,B,S,S,B,B,S,B,B,S,B,B,S,S,S,S,S,B,B,B,S,S,S,S,S,H,B,S,S,S,B,B,S,S,S,S,S,B,S,S,B,B,S,B,B,B,S,S,B,H,S,B,S,B,B,B,B,S,B,S,B,B,B,B,S,S,S,S,S,S,S,S,S,B,B,S,S,S,B,B,S,B,B,S,B,B,S,S,S,S,B,S,B,B,S,B,B,S,B,B,S,S,B,S,B,B,S,S,S,S,S,B,B,S,B,B,B,S,H,B,S,B,B,S,S,B,H,B,B,B,S,B,S,S,S,S,B,B,B,B,S,B,B,S,B,S,B,S,B,H,B,B,B,S,H,S,S,B,S,B,B,S,B,B,S,S,S,B,B,S,B,S,B,S,B,B,S,B,S,B,S,S,S,S,H,H,B,B,S,S,B,B,S,S,B,B,S,B,B,B,B,S,B,B,B,B,B,B,B,S,B,B,B,S,S,B,B,S,B,B,B,B,B,B,S,S,B,B,B,S,B,B,B,B,S,S,B,S,B,S,S,B,S,S,B,S,S,S,S,S,B,H,B,S,S,B,B,B,B,B,B,B,B,B,B,S,S,B,S,S,S,B,B,S,S,S,S,S,S,S,B,B,S,S,S,S,S,B,B,H,S,S,S,B,B,S,B,S,S,S,B,B,B,B,B,B,S,B,S,B,B,B,B,S,B,S,B,S,S,S,S,S,S,S,B,B,S,S,S,B,B,S,S,H,S,S,S,B,S,S,B,S,16
 , , , , , , ,3,ATHCHIB2,6.800,3.963391,S,B,B,H,S,B,B,S,S,S,B,S,S,S,B,B,S,B,B,S,S,S,S,S,S,S,S,B,S,B,S,B,S,S,S,B,S,B,S,B,B,B,S,S,B,B,S,S,B,B,B,B,S,S,B,S,B,S,S,S,B,S,B,S,S,B,S,S,S,S,S,B,B,B,S,B,S,S,B,B,S,S,B,B,S,B,S,S,B,B,S,S,S,S,S,B,S,B,S,S,S,S,S,B,B,S,S,S,B,B,B,S,S,H,B,B,S,S,B,S,S,B,B,B,S,S,B,S,S,B,S,B,H,B,B,B,H,B,B,B,B,B,S,S,S,S,S,S,S,S,S,B,B,S,S,S,B,B,S,B,B,S,B,B,B,S,S,S,B,S,B,B,S,B,S,B,B,S,B,S,B,S,B,B,S,S,S,B,S,B,B,S,S,B,B,S,S,B,S,B,B,S,B,B,S,B,B,B,S,B,B,S,B,B,B,B,B,B,S,B,B,S,B,S,B,S,B,B,B,B,B,S,B,S,S,B,S,B,S,S,B,S,S,S,S,B,B,S,B,S,B,S,B,B,S,B,S,S,B,S,S,S,S,B,B,S,S,S,B,B,S,S,B,B,S,B,B,B,B,S,B,B,B,B,B,B,B,S,B,S,B,S,S,B,S,S,B,B,B,B,S,B,S,S,B,S,B,S,B,B,B,B,B,S,B,S,B,S,S,B,B,S,B,S,S,S,S,B,B,H,B,S,S,B,B,B,B,S,B,B,B,B,B,S,S,B,B,S,S,S,B,S,S,S,S,S,S,S,S,B,S,S,S,S,S,B,B,S,S,S,S,B,S,S,B,B,S,B,B,B,B,B,S,B,S,B,S,B,B,B,B,S,B,S,B,S,S,S,S,S,S,S,B,B,B,S,S,B,B,S,S,S,S,S,S,B,S,B,B,S,17,3,ATHCHIB2,6.8,3.963391,S,B,B,H,S,B,B,S,S,S,B,S,S,S,B,B,S,B,B,S,S,S,S,S,S,S,S,B,S,B,S,B,S,S,S,B,S,B,S,B,B,B,S,S,B,B,S,S,B,B,B,B,S,S,B,S,B,S,S,S,B,S,B,S,S,B,S,S,S,S,S,B,B,B,S,B,S,S,B,B,S,S,B,B,S,B,S,S,B,B,S,S,S,S,S,B,S,B,S,S,S,S,S,B,B,S,S,S,B,B,B,S,S,H,B,B,S,S,B,S,S,B,B,B,S,S,B,S,S,B,S,B,H,B,B,B,H,B,B,B,B,B,S,S,S,S,S,S,S,S,S,B,B,S,S,S,B,B,S,B,B,S,B,B,B,S,S,S,B,S,B,B,S,B,S,B,B,S,B,S,B,S,B,B,S,S,S,B,S,B,B,S,S,B,B,S,S,B,S,B,B,S,B,B,S,B,B,B,S,B,B,S,B,B,B,B,B,B,S,B,B,S,B,S,B,S,B,B,B,B,B,S,B,S,S,B,S,B,S,S,B,S,S,S,S,B,B,S,B,S,B,S,B,B,S,B,S,S,B,S,S,S,S,B,B,S,S,S,B,B,S,S,B,B,S,B,B,B,B,S,B,B,B,B,B,B,B,S,B,S,B,S,S,B,S,S,B,B,B,B,S,B,S,S,B,S,B,S,B,B,B,B,B,S,B,S,B,S,S,B,B,S,B,S,S,S,S,B,B,H,B,S,S,B,B,B,B,S,B,B,B,B,B,S,S,B,B,S,S,S,B,S,S,S,S,S,S,S,S,B,S,S,S,S,S,B,B,S,S,S,S,B,S,S,B,B,S,B,B,B,B,B,S,B,S,B,S,B,B,B,B,S,B,S,B,S,S,S,S,S,S,S,B,B,B,S,S,B,B,S,S,S,S,S,S,B,S,B,B,S,17
 , , , , , , ,3,MSAT3.19,23.900,8.808167,S,B,S,H,S,B,S,S,S,S,B,S,S,S,B,B,S,B,B,S,S,S,B,S,H,S,S,B,S,B,S,B,S,B,B,B,S,B,S,S,B,S,S,B,S,S,S,S,S,B,S,S,B,S,B,S,S,S,S,S,S,S,B,S,S,S,B,B,B,B,S,B,S,B,S,B,S,S,B,B,S,S,B,B,S,B,S,B,B,B,S,S,B,S,B,S,S,B,B,S,B,S,S,B,B,S,S,S,H,S,B,S,B,H,B,S,B,S,B,S,S,B,B,B,B,B,B,S,S,B,S,B,S,B,B,S,B,S,B,B,B,S,S,S,B,S,S,S,S,S,S,B,B,S,B,S,B,B,S,B,B,S,S,B,B,H,B,S,B,B,B,B,S,B,S,H,B,S,B,B,B,S,B,B,S,S,S,B,B,S,B,B,B,B,B,B,S,S,S,B,S,S,B,B,S,B,B,S,S,S,B,B,B,B,B,B,B,B,B,B,B,B,H,S,B,S,B,S,B,S,S,S,B,B,B,B,S,B,B,S,B,S,S,S,B,S,B,B,B,B,B,S,S,B,S,B,B,B,B,S,S,S,S,B,S,H,S,S,B,B,B,S,B,B,S,B,B,B,B,S,B,B,B,S,B,B,B,B,B,B,B,S,S,B,S,B,B,B,B,B,S,S,S,S,B,S,B,S,B,S,S,B,B,S,B,S,B,S,S,B,B,S,B,S,S,S,S,B,B,S,B,S,B,B,S,B,B,B,B,B,S,S,S,S,S,S,B,B,S,S,B,S,S,S,B,B,B,B,S,B,S,S,S,B,S,S,B,S,S,S,S,S,S,B,B,S,S,B,S,B,B,B,S,S,B,B,S,B,B,B,B,S,B,S,B,S,S,S,S,B,S,S,B,B,B,S,S,B,B,S,B,B,S,S,S,B,B,B,B,S,18,3,MSAT3.19,23.9,8.808167,S,B,S,H,S,B,S,S,S,S,B,S,S,S,B,B,S,B,B,S,S,S,B,S,H,S,S,B,S,B,S,B,S,B,B,B,S,B,S,S,B,S,S,B,S,S,S,S,S,B,S,S,B,S,B,S,S,S,S,S,S,S,B,S,S,S,B,B,B,B,S,B,S,B,S,B,S,S,B,B,S,S,B,B,S,B,S,B,B,B,S,S,B,S,B,S,S,B,B,S,B,S,S,B,B,S,S,S,H,S,B,S,B,H,B,S,B,S,B,S,S,B,B,B,B,B,B,S,S,B,S,B,S,B,B,S,B,S,B,B,B,S,S,S,B,S,S,S,S,S,S,B,B,S,B,S,B,B,S,B,B,S,S,B,B,H,B,S,B,B,B,B,S,B,S,H,B,S,B,B,B,S,B,B,S,S,S,B,B,S,B,B,B,B,B,B,S,S,S,B,S,S,B,B,S,B,B,S,S,S,B,B,B,B,B,B,B,B,B,B,B,B,H,S,B,S,B,S,B,S,S,S,B,B,B,B,S,B,B,S,B,S,S,S,B,S,B,B,B,B,B,S,S,B,S,B,B,B,B,S,S,S,S,B,S,H,S,S,B,B,B,S,B,B,S,B,B,B,B,S,B,B,B,S,B,B,B,B,B,B,B,S,S,B,S,B,B,B,B,B,S,S,S,S,B,S,B,S,B,S,S,B,B,S,B,S,B,S,S,B,B,S,B,S,S,S,S,B,B,S,B,S,B,B,S,B,B,B,B,B,S,S,S,S,S,S,B,B,S,S,B,S,S,S,B,B,B,B,S,B,S,S,S,B,S,S,B,S,S,S,S,S,S,B,B,S,S,B,S,B,B,B,S,S,B,B,S,B,B,B,B,S,B,S,B,S,S,S,S,B,S,S,B,B,B,S,S,B,B,S,B,B,S,S,S,B,B,B,B,S,18
 , , , , , , ,3,MSAT3.32,41.100,11.208231,S,B,S,S,S,B,S,S,S,S,S,S,S,S,B,B,S,B,B,S,B,S,B,S,S,B,S,B,S,S,S,B,B,S,B,B,S,S,S,S,S,S,S,B,B,S,S,S,S,B,S,S,B,B,S,S,B,S,S,B,B,B,S,S,S,S,B,B,B,B,S,B,B,S,B,B,S,B,B,B,B,B,B,H,B,S,S,B,B,B,S,B,B,S,B,S,B,B,B,B,S,S,S,B,B,S,S,S,S,S,S,H,B,B,S,B,B,S,H,S,S,S,B,S,S,S,S,S,S,B,S,B,B,S,S,S,H,S,B,H,S,S,S,S,B,B,S,S,S,S,S,B,B,S,B,S,B,S,S,B,B,S,S,B,B,B,B,S,S,B,S,B,B,B,S,B,B,S,S,B,B,S,B,B,B,S,B,B,B,H,B,S,B,B,S,B,B,S,S,S,S,B,B,B,S,B,B,S,S,S,B,B,B,B,S,B,B,B,B,B,S,B,B,B,B,S,B,S,B,S,S,S,B,B,B,B,B,B,B,S,B,B,S,B,B,B,B,B,B,B,B,S,S,B,S,B,S,S,B,S,B,B,S,B,S,S,S,S,B,B,S,S,B,B,S,B,B,B,H,S,B,B,B,S,B,B,B,B,B,S,B,S,S,B,S,B,B,B,B,B,S,S,S,S,B,S,S,S,B,S,S,B,B,B,B,S,B,S,S,S,B,S,B,S,S,S,B,S,B,S,B,S,B,S,S,S,B,B,B,B,S,S,S,B,B,B,B,B,B,S,S,S,S,S,B,B,B,B,B,B,S,S,S,B,S,S,B,S,S,S,S,S,S,B,B,B,B,B,S,B,S,S,S,S,S,B,S,B,B,S,S,B,B,H,B,S,S,S,B,B,S,B,S,S,S,B,B,S,B,S,B,B,B,S,B,S,B,B,B,B,19,3,MSAT3.32,41.1,11.208231,S,B,S,S,S,B,S,S,S,S,S,S,S,S,B,B,S,B,B,S,B,S,B,S,S,B,S,B,S,S,S,B,B,S,B,B,S,S,S,S,S,S,S,B,B,S,S,S,S,B,S,S,B,B,S,S,B,S,S,B,B,B,S,S,S,S,B,B,B,B,S,B,B,S,B,B,S,B,B,B,B,B,B,H,B,S,S,B,B,B,S,B,B,S,B,S,B,B,B,B,S,S,S,B,B,S,S,S,S,S,S,H,B,B,S,B,B,S,H,S,S,S,B,S,S,S,S,S,S,B,S,B,B,S,S,S,H,S,B,H,S,S,S,S,B,B,S,S,S,S,S,B,B,S,B,S,B,S,S,B,B,S,S,B,B,B,B,S,S,B,S,B,B,B,S,B,B,S,S,B,B,S,B,B,B,S,B,B,B,H,B,S,B,B,S,B,B,S,S,S,S,B,B,B,S,B,B,S,S,S,B,B,B,B,S,B,B,B,B,B,S,B,B,B,B,S,B,S,B,S,S,S,B,B,B,B,B,B,B,S,B,B,S,B,B,B,B,B,B,B,B,S,S,B,S,B,S,S,B,S,B,B,S,B,S,S,S,S,B,B,S,S,B,B,S,B,B,B,H,S,B,B,B,S,B,B,B,B,B,S,B,S,S,B,S,B,B,B,B,B,S,S,S,S,B,S,S,S,B,S,S,B,B,B,B,S,B,S,S,S,B,S,B,S,S,S,B,S,B,S,B,S,B,S,S,S,B,B,B,B,S,S,S,B,B,B,B,B,B,S,S,S,S,S,B,B,B,B,B,B,S,S,S,B,S,S,B,S,S,S,S,S,S,B,B,B,B,B,S,B,S,S,S,S,S,B,S,B,B,S,S,B,B,H,B,S,S,S,B,B,S,B,S,S,S,B,B,S,B,S,B,B,B,S,B,S,B,B,B,B,19
 , , , , , , ,3,MSAT3.21,49.400,17.282665,B,B,B,S,S,B,B,S,S,B,S,S,S,S,B,B,S,B,B,S,B,B,B,S,B,B,B,B,S,S,B,S,B,S,B,S,S,S,B,S,S,B,S,B,B,S,B,S,S,S,S,S,B,B,S,S,B,B,B,U,B,B,S,S,S,S,B,B,B,B,B,B,B,S,B,B,S,B,B,B,B,S,B,B,B,S,S,B,B,B,S,B,B,S,B,S,B,B,B,B,S,S,S,B,B,S,S,S,S,B,S,B,B,B,S,B,B,S,S,S,S,S,B,S,B,B,S,S,S,B,S,B,B,S,B,S,H,S,B,S,S,S,S,S,B,B,B,S,S,S,B,B,B,S,B,S,B,B,S,B,B,S,S,H,B,B,B,S,S,B,S,B,B,S,S,B,B,S,S,B,S,S,B,B,B,B,B,B,B,H,B,S,B,S,S,B,B,S,S,S,S,H,B,B,B,B,B,S,H,S,B,B,S,B,B,B,B,B,B,B,S,B,B,B,B,S,B,S,B,S,S,S,B,B,B,B,B,H,B,B,B,B,S,B,B,B,B,B,B,B,B,B,S,B,S,B,S,S,B,S,B,B,S,B,S,S,B,S,B,B,B,S,B,B,S,B,B,B,S,B,B,B,S,S,B,B,B,B,B,S,B,S,B,B,S,S,B,S,B,B,S,S,S,S,B,S,B,S,B,S,S,B,S,B,B,S,S,S,S,S,B,B,S,S,S,S,S,S,B,S,B,S,B,B,B,S,B,B,S,U,S,S,S,B,B,S,B,B,B,B,S,S,S,S,B,B,B,B,B,B,S,S,H,B,S,S,S,S,S,B,B,S,S,B,B,B,B,B,S,B,S,S,S,S,S,S,S,B,B,S,S,B,B,H,B,S,B,S,B,B,S,B,S,S,S,B,B,S,B,S,B,B,B,S,B,S,B,B,B,B,20,3,MSAT3.21,49.4,17.282665,B,B,B,S,S,B,B,S,S,B,S,S,S,S,B,B,S,B,B,S,B,B,B,S,B,B,B,B,S,S,B,S,B,S,B,S,S,S,B,S,S,B,S,B,B,S,B,S,S,S,S,S,B,B,S,S,B,B,B,U,B,B,S,S,S,S,B,B,B,B,B,B,B,S,B,B,S,B,B,B,B,S,B,B,B,S,S,B,B,B,S,B,B,S,B,S,B,B,B,B,S,S,S,B,B,S,S,S,S,B,S,B,B,B,S,B,B,S,S,S,S,S,B,S,B,B,S,S,S,B,S,B,B,S,B,S,H,S,B,S,S,S,S,S,B,B,B,S,S,S,B,B,B,S,B,S,B,B,S,B,B,S,S,H,B,B,B,S,S,B,S,B,B,S,S,B,B,S,S,B,S,S,B,B,B,B,B,B,B,H,B,S,B,S,S,B,B,S,S,S,S,H,B,B,B,B,B,S,H,S,B,B,S,B,B,B,B,B,B,B,S,B,B,B,B,S,B,S,B,S,S,S,B,B,B,B,B,H,B,B,B,B,S,B,B,B,B,B,B,B,B,B,S,B,S,B,S,S,B,S,B,B,S,B,S,S,B,S,B,B,B,S,B,B,S,B,B,B,S,B,B,B,S,S,B,B,B,B,B,S,B,S,B,B,S,S,B,S,B,B,S,S,S,S,B,S,B,S,B,S,S,B,S,B,B,S,S,S,S,S,B,B,S,S,S,S,S,S,B,S,B,S,B,B,B,S,B,B,S,U,S,S,S,B,B,S,B,B,B,B,S,S,S,S,B,B,B,B,B,B,S,S,H,B,S,S,S,S,S,B,B,S,S,B,B,B,B,B,S,B,S,S,S,S,S,S,S,B,B,S,S,B,B,H,B,S,B,S,B,B,S,B,S,S,S,B,B,S,B,S,B,B,B,S,B,S,B,B,B,B,20
 , , , , , , ,3,MSAT3.18,65.700,21.387949,B,S,B,S,S,B,B,S,S,B,S,S,S,S,S,S,B,S,B,S,B,B,B,B,S,B,B,B,B,B,B,S,H,S,B,H,B,S,B,S,S,B,S,B,B,S,B,S,S,S,S,S,B,B,S,S,B,B,S,B,B,B,S,S,S,S,S,B,S,S,B,B,S,S,S,B,S,B,S,B,B,S,B,B,B,B,S,B,B,H,B,S,S,S,B,B,S,B,B,B,S,B,B,B,S,B,S,S,U,B,S,B,B,B,S,B,B,B,B,B,B,B,B,B,B,B,S,U,B,S,H,S,B,B,B,S,B,S,B,S,S,S,S,B,S,B,S,S,S,B,B,B,S,S,B,S,B,B,S,B,B,S,S,B,B,B,B,B,B,B,S,B,B,S,S,B,S,S,S,S,S,S,H,S,B,B,B,B,B,B,B,B,S,S,S,B,S,B,S,B,S,B,B,B,B,B,B,S,S,S,B,B,U,B,S,B,B,B,B,S,S,B,B,B,B,S,B,B,B,B,S,B,B,U,B,B,B,H,S,B,B,B,S,B,B,H,S,B,S,B,B,B,H,S,S,B,S,S,S,S,B,S,S,B,S,B,B,S,B,B,B,S,S,B,S,B,B,B,B,S,B,B,S,S,B,B,B,B,B,B,S,S,B,S,S,U,S,S,S,B,S,S,S,S,S,S,B,S,B,S,S,B,S,B,B,S,S,S,S,S,S,B,S,S,S,S,S,S,B,S,S,S,B,B,B,U,B,U,S,B,S,S,S,B,H,S,S,B,B,S,U,S,S,B,B,B,U,S,B,B,S,S,S,B,U,S,S,B,S,B,B,S,S,B,B,S,B,S,S,S,S,S,B,B,B,S,S,S,S,S,S,B,B,S,S,S,B,S,S,B,S,H,S,S,S,B,B,B,B,S,B,B,B,B,S,S,B,B,S,S,21,3,MSAT3.18,65.7,21.387949,B,S,B,S,S,B,B,S,S,B,S,S,S,S,S,S,B,S,B,S,B,B,B,B,S,B,B,B,B,B,B,S,H,S,B,H,B,S,B,S,S,B,S,B,B,S,B,S,S,S,S,S,B,B,S,S,B,B,S,B,B,B,S,S,S,S,S,B,S,S,B,B,S,S,S,B,S,B,S,B,B,S,B,B,B,B,S,B,B,H,B,S,S,S,B,B,S,B,B,B,S,B,B,B,S,B,S,S,U,B,S,B,B,B,S,B,B,B,B,B,B,B,B,B,B,B,S,U,B,S,H,S,B,B,B,S,B,S,B,S,S,S,S,B,S,B,S,S,S,B,B,B,S,S,B,S,B,B,S,B,B,S,S,B,B,B,B,B,B,B,S,B,B,S,S,B,S,S,S,S,S,S,H,S,B,B,B,B,B,B,B,B,S,S,S,B,S,B,S,B,S,B,B,B,B,B,B,S,S,S,B,B,U,B,S,B,B,B,B,S,S,B,B,B,B,S,B,B,B,B,S,B,B,U,B,B,B,H,S,B,B,B,S,B,B,H,S,B,S,B,B,B,H,S,S,B,S,S,S,S,B,S,S,B,S,B,B,S,B,B,B,S,S,B,S,B,B,B,B,S,B,B,S,S,B,B,B,B,B,B,S,S,B,S,S,U,S,S,S,B,S,S,S,S,S,S,B,S,B,S,S,B,S,B,B,S,S,S,S,S,S,B,S,S,S,S,S,S,B,S,S,S,B,B,B,U,B,U,S,B,S,S,S,B,H,S,S,B,B,S,U,S,S,B,B,B,U,S,B,B,S,S,S,B,U,S,S,B,S,B,B,S,S,B,B,S,B,S,S,S,S,S,B,B,B,S,S,S,S,S,S,B,B,S,S,S,B,S,S,B,S,H,S,S,S,B,B,B,B,S,B,B,B,B,S,S,B,B,S,S,21
 , , , , , , ,4,MSAT4.39,0.000,0.089498,H,B,S,S,B,H,B,S,S,B,S,B,S,B,B,S,S,H,S,S,S,B,B,S,S,B,B,B,S,S,S,B,B,B,B,B,B,S,S,S,B,S,S,B,B,B,S,B,B,S,S,S,B,B,S,B,B,B,B,B,B,B,B,B,B,S,S,S,B,B,S,B,S,B,B,B,S,B,S,B,B,B,S,B,S,B,B,B,B,S,B,B,S,B,S,B,B,B,S,S,B,B,B,S,S,B,B,S,B,S,S,B,B,H,B,B,S,B,S,B,B,B,B,S,S,B,S,B,B,B,B,B,S,B,B,S,B,B,B,B,H,B,B,B,B,S,S,B,B,B,B,S,B,S,S,B,B,B,B,B,S,B,S,B,H,S,B,B,U,B,B,B,S,B,B,S,B,B,B,B,B,B,S,S,B,B,B,B,S,S,S,B,B,B,B,S,B,S,S,B,H,S,S,B,B,B,B,B,S,S,S,S,B,B,B,B,B,S,B,S,B,B,B,S,B,B,B,B,B,B,B,S,B,U,B,H,B,B,B,S,S,S,B,S,B,B,B,B,B,B,S,B,B,S,S,S,S,S,B,B,S,S,B,S,B,B,S,B,B,S,S,B,B,B,S,B,S,S,B,B,B,B,B,S,B,B,B,H,S,B,S,B,B,B,B,B,B,U,B,S,B,S,B,B,B,B,B,B,S,S,S,B,B,B,B,H,S,B,B,S,B,B,B,H,S,B,B,B,S,S,B,B,B,B,B,B,B,B,B,S,B,B,S,S,S,B,B,B,S,H,S,B,S,B,H,B,S,B,H,H,S,S,B,S,B,B,S,B,H,S,B,B,S,S,B,B,B,S,B,B,S,S,B,B,S,S,S,S,S,S,B,B,S,S,S,S,S,S,B,S,S,B,B,B,B,S,B,B,S,S,S,B,S,S,S,S,S,B,B,B,22,4,MSAT4.39,0.0,0.089498,H,B,S,S,B,H,B,S,S,B,S,B,S,B,B,S,S,H,S,S,S,B,B,S,S,B,B,B,S,S,S,B,B,B,B,B,B,S,S,S,B,S,S,B,B,B,S,B,B,S,S,S,B,B,S,B,B,B,B,B,B,B,B,B,B,S,S,S,B,B,S,B,S,B,B,B,S,B,S,B,B,B,S,B,S,B,B,B,B,S,B,B,S,B,S,B,B,B,S,S,B,B,B,S,S,B,B,S,B,S,S,B,B,H,B,B,S,B,S,B,B,B,B,S,S,B,S,B,B,B,B,B,S,B,B,S,B,B,B,B,H,B,B,B,B,S,S,B,B,B,B,S,B,S,S,B,B,B,B,B,S,B,S,B,H,S,B,B,U,B,B,B,S,B,B,S,B,B,B,B,B,B,S,S,B,B,B,B,S,S,S,B,B,B,B,S,B,S,S,B,H,S,S,B,B,B,B,B,S,S,S,S,B,B,B,B,B,S,B,S,B,B,B,S,B,B,B,B,B,B,B,S,B,U,B,H,B,B,B,S,S,S,B,S,B,B,B,B,B,B,S,B,B,S,S,S,S,S,B,B,S,S,B,S,B,B,S,B,B,S,S,B,B,B,S,B,S,S,B,B,B,B,B,S,B,B,B,H,S,B,S,B,B,B,B,B,B,U,B,S,B,S,B,B,B,B,B,B,S,S,S,B,B,B,B,H,S,B,B,S,B,B,B,H,S,B,B,B,S,S,B,B,B,B,B,B,B,B,B,S,B,B,S,S,S,B,B,B,S,H,S,B,S,B,H,B,S,B,H,H,S,S,B,S,B,B,S,B,H,S,B,B,S,S,B,B,B,S,B,B,S,S,B,B,S,S,S,S,S,S,B,B,S,S,S,S,S,S,B,S,S,B,B,B,B,S,B,B,S,S,S,B,S,S,S,S,S,B,B,B,22
 , , , , , , ,4,MSAT4.8,2.000,0.40701,H,B,S,S,B,S,B,B,S,B,S,B,S,B,B,B,S,B,S,S,S,B,B,S,S,B,B,B,S,S,S,B,B,B,B,B,B,S,S,S,B,S,S,B,B,B,S,B,B,S,S,S,B,B,S,B,B,B,B,B,B,B,B,B,B,S,S,S,B,B,S,B,S,B,B,B,S,B,S,B,B,B,S,B,S,B,B,B,B,H,B,B,S,B,S,B,B,B,S,S,B,B,B,S,B,B,B,S,B,S,S,B,B,H,H,B,S,B,S,B,B,B,B,S,H,B,S,B,B,B,B,B,S,B,B,S,B,B,B,B,H,B,B,B,B,S,S,B,B,B,B,S,B,S,S,B,B,B,B,B,S,B,S,B,H,S,B,B,S,B,B,B,S,B,B,S,B,B,H,B,B,B,S,S,B,B,B,B,S,S,S,B,B,B,B,B,B,S,S,B,H,S,S,B,B,B,H,B,S,S,B,S,B,B,B,B,B,S,B,S,B,B,B,S,B,B,B,B,B,B,S,S,S,S,B,S,B,B,B,S,S,S,H,S,B,H,B,B,B,B,S,B,B,B,S,S,S,S,B,B,S,S,B,S,B,B,S,B,B,S,B,B,B,B,S,B,S,S,B,B,B,B,B,S,B,B,B,H,S,B,S,B,B,B,B,B,B,B,B,S,B,S,B,H,B,B,B,B,S,S,S,B,S,B,B,S,S,B,B,S,B,B,B,B,S,B,B,B,S,S,B,B,B,B,B,B,B,B,B,S,B,B,S,S,S,B,B,S,S,B,S,B,S,S,H,B,S,B,H,H,S,S,B,S,B,B,S,B,B,S,B,B,S,S,B,B,B,S,B,B,S,S,B,B,S,B,S,S,S,S,B,S,S,S,S,S,S,S,B,S,S,B,B,B,B,S,B,B,S,S,S,B,S,B,S,S,S,B,B,B,23,4,MSAT4.8,2.0,0.40701,H,B,S,S,B,S,B,B,S,B,S,B,S,B,B,B,S,B,S,S,S,B,B,S,S,B,B,B,S,S,S,B,B,B,B,B,B,S,S,S,B,S,S,B,B,B,S,B,B,S,S,S,B,B,S,B,B,B,B,B,B,B,B,B,B,S,S,S,B,B,S,B,S,B,B,B,S,B,S,B,B,B,S,B,S,B,B,B,B,H,B,B,S,B,S,B,B,B,S,S,B,B,B,S,B,B,B,S,B,S,S,B,B,H,H,B,S,B,S,B,B,B,B,S,H,B,S,B,B,B,B,B,S,B,B,S,B,B,B,B,H,B,B,B,B,S,S,B,B,B,B,S,B,S,S,B,B,B,B,B,S,B,S,B,H,S,B,B,S,B,B,B,S,B,B,S,B,B,H,B,B,B,S,S,B,B,B,B,S,S,S,B,B,B,B,B,B,S,S,B,H,S,S,B,B,B,H,B,S,S,B,S,B,B,B,B,B,S,B,S,B,B,B,S,B,B,B,B,B,B,S,S,S,S,B,S,B,B,B,S,S,S,H,S,B,H,B,B,B,B,S,B,B,B,S,S,S,S,B,B,S,S,B,S,B,B,S,B,B,S,B,B,B,B,S,B,S,S,B,B,B,B,B,S,B,B,B,H,S,B,S,B,B,B,B,B,B,B,B,S,B,S,B,H,B,B,B,B,S,S,S,B,S,B,B,S,S,B,B,S,B,B,B,B,S,B,B,B,S,S,B,B,B,B,B,B,B,B,B,S,B,B,S,S,S,B,B,S,S,B,S,B,S,S,H,B,S,B,H,H,S,S,B,S,B,B,S,B,B,S,B,B,S,S,B,B,B,S,B,B,S,S,B,B,S,B,S,S,S,S,B,S,S,S,S,S,S,S,B,S,S,B,B,B,B,S,B,B,S,S,S,B,S,B,S,S,S,B,B,B,23
 , , , , , , ,4,NGA8,16.400,5.62881,B,B,S,S,B,S,S,S,B,S,H,B,S,B,S,B,S,S,B,S,S,B,S,S,S,B,S,B,S,B,S,B,B,S,B,B,B,S,H,S,B,S,S,B,B,B,S,B,B,S,B,S,S,B,S,S,B,S,S,B,B,B,B,S,B,S,S,S,S,B,S,B,S,B,B,B,B,B,S,S,B,B,S,B,S,S,B,B,B,S,B,B,S,B,S,B,B,B,S,S,S,S,B,S,B,B,S,S,B,S,S,B,S,S,S,B,S,B,S,B,B,B,B,S,B,B,S,B,B,B,B,B,S,B,S,S,S,B,B,B,H,B,B,B,S,S,S,S,B,B,B,S,S,B,S,S,B,B,B,B,S,B,S,B,S,S,B,B,S,B,S,B,S,B,S,S,B,S,B,B,B,B,S,S,B,B,B,S,S,B,S,S,B,B,B,B,B,S,B,B,S,B,S,B,B,S,H,B,S,S,B,S,B,B,S,B,B,B,S,S,B,B,B,S,B,B,B,B,B,B,S,S,S,B,B,S,B,B,S,S,S,B,H,S,B,S,B,S,B,B,B,B,B,B,B,S,H,B,B,B,S,S,B,B,S,B,S,B,B,S,B,B,B,B,B,S,S,S,S,B,B,B,S,S,B,B,B,S,S,B,S,B,B,B,B,S,B,S,S,S,B,S,B,H,S,B,S,B,S,S,S,B,S,B,B,B,S,B,B,S,H,B,B,B,S,S,B,B,S,S,B,B,S,S,S,B,S,B,B,S,B,S,S,S,B,S,B,S,S,B,B,B,S,S,B,B,B,B,B,B,S,S,B,S,B,B,S,B,B,S,B,B,S,S,H,B,B,S,B,B,B,S,S,B,S,S,S,B,S,S,S,H,S,S,S,S,S,S,B,S,S,S,S,B,B,S,B,S,S,B,B,B,S,B,S,B,B,B,B,B,24,4,NGA8,16.4,5.62881,B,B,S,S,B,S,S,S,B,S,H,B,S,B,S,B,S,S,B,S,S,B,S,S,S,B,S,B,S,B,S,B,B,S,B,B,B,S,H,S,B,S,S,B,B,B,S,B,B,S,B,S,S,B,S,S,B,S,S,B,B,B,B,S,B,S,S,S,S,B,S,B,S,B,B,B,B,B,S,S,B,B,S,B,S,S,B,B,B,S,B,B,S,B,S,B,B,B,S,S,S,S,B,S,B,B,S,S,B,S,S,B,S,S,S,B,S,B,S,B,B,B,B,S,B,B,S,B,B,B,B,B,S,B,S,S,S,B,B,B,H,B,B,B,S,S,S,S,B,B,B,S,S,B,S,S,B,B,B,B,S,B,S,B,S,S,B,B,S,B,S,B,S,B,S,S,B,S,B,B,B,B,S,S,B,B,B,S,S,B,S,S,B,B,B,B,B,S,B,B,S,B,S,B,B,S,H,B,S,S,B,S,B,B,S,B,B,B,S,S,B,B,B,S,B,B,B,B,B,B,S,S,S,B,B,S,B,B,S,S,S,B,H,S,B,S,B,S,B,B,B,B,B,B,B,S,H,B,B,B,S,S,B,B,S,B,S,B,B,S,B,B,B,B,B,S,S,S,S,B,B,B,S,S,B,B,B,S,S,B,S,B,B,B,B,S,B,S,S,S,B,S,B,H,S,B,S,B,S,S,S,B,S,B,B,B,S,B,B,S,H,B,B,B,S,S,B,B,S,S,B,B,S,S,S,B,S,B,B,S,B,S,S,S,B,S,B,S,S,B,B,B,S,S,B,B,B,B,B,B,S,S,B,S,B,B,S,B,B,S,B,B,S,S,H,B,B,S,B,B,B,S,S,B,S,S,S,B,S,S,S,H,S,S,S,S,S,S,B,S,S,S,S,B,B,S,B,S,S,B,B,B,S,B,S,B,B,B,B,B,24
 , , , , , , ,4,MSAT4.35,24.800,7.549254,B,B,S,S,S,S,S,S,B,S,H,B,S,B,S,B,S,S,B,S,S,B,S,S,S,S,S,B,B,B,S,B,B,S,B,S,B,S,H,S,B,S,B,B,S,B,S,B,B,S,B,S,S,B,S,S,B,S,S,B,B,B,B,S,B,S,S,S,S,B,S,B,S,B,B,B,B,S,S,S,B,B,S,B,S,S,S,B,S,S,B,B,S,B,B,S,B,B,S,S,S,S,B,S,B,B,S,S,S,S,S,S,S,B,S,B,S,S,S,B,B,B,S,S,B,B,S,B,B,B,S,B,S,B,S,S,S,B,S,B,B,B,B,B,B,S,B,B,B,B,B,S,B,B,S,S,B,B,B,B,S,B,S,B,S,S,B,B,S,B,S,B,B,B,H,S,B,S,B,B,S,B,S,S,B,B,S,S,S,B,S,S,B,B,H,S,B,S,B,B,S,B,B,B,B,H,B,S,S,S,S,S,B,B,S,S,B,H,B,S,B,B,B,S,B,B,B,B,B,B,S,S,S,B,S,S,S,B,S,S,S,B,H,S,B,S,S,S,B,B,B,S,B,B,B,S,S,B,B,B,S,S,B,B,S,B,B,B,B,S,B,B,S,B,B,S,S,S,S,B,S,B,S,B,B,B,B,S,S,B,S,B,B,B,B,S,B,S,S,S,S,S,B,B,S,B,S,B,S,S,S,B,S,B,B,B,B,B,S,S,S,B,B,B,S,B,S,B,S,S,B,B,S,S,S,B,S,B,B,S,B,S,B,S,B,S,B,S,S,B,B,B,S,S,S,S,B,B,B,B,S,S,B,S,B,B,S,B,B,S,S,S,S,B,S,B,S,S,B,S,S,S,S,B,S,S,S,B,S,S,S,S,S,S,B,S,S,S,B,S,S,S,S,H,S,S,S,S,S,B,B,B,S,B,S,B,B,B,S,B,25,4,MSAT4.35,24.8,7.549254,B,B,S,S,S,S,S,S,B,S,H,B,S,B,S,B,S,S,B,S,S,B,S,S,S,S,S,B,B,B,S,B,B,S,B,S,B,S,H,S,B,S,B,B,S,B,S,B,B,S,B,S,S,B,S,S,B,S,S,B,B,B,B,S,B,S,S,S,S,B,S,B,S,B,B,B,B,S,S,S,B,B,S,B,S,S,S,B,S,S,B,B,S,B,B,S,B,B,S,S,S,S,B,S,B,B,S,S,S,S,S,S,S,B,S,B,S,S,S,B,B,B,S,S,B,B,S,B,B,B,S,B,S,B,S,S,S,B,S,B,B,B,B,B,B,S,B,B,B,B,B,S,B,B,S,S,B,B,B,B,S,B,S,B,S,S,B,B,S,B,S,B,B,B,H,S,B,S,B,B,S,B,S,S,B,B,S,S,S,B,S,S,B,B,H,S,B,S,B,B,S,B,B,B,B,H,B,S,S,S,S,S,B,B,S,S,B,H,B,S,B,B,B,S,B,B,B,B,B,B,S,S,S,B,S,S,S,B,S,S,S,B,H,S,B,S,S,S,B,B,B,S,B,B,B,S,S,B,B,B,S,S,B,B,S,B,B,B,B,S,B,B,S,B,B,S,S,S,S,B,S,B,S,B,B,B,B,S,S,B,S,B,B,B,B,S,B,S,S,S,S,S,B,B,S,B,S,B,S,S,S,B,S,B,B,B,B,B,S,S,S,B,B,B,S,B,S,B,S,S,B,B,S,S,S,B,S,B,B,S,B,S,B,S,B,S,B,S,S,B,B,B,S,S,S,S,B,B,B,B,S,S,B,S,B,B,S,B,B,S,S,S,S,B,S,B,S,S,B,S,S,S,S,B,S,S,S,B,S,S,S,S,S,S,B,S,S,S,B,S,S,S,S,H,S,S,S,S,S,B,B,B,S,B,S,B,B,B,S,B,25
 , , , , , , ,4,MSAT4.15,34.100,9.362588,B,S,S,S,S,S,S,S,B,S,B,B,S,B,B,B,S,S,B,S,S,B,S,S,S,S,B,B,B,B,S,S,B,S,S,S,B,B,H,S,B,S,B,B,B,B,S,B,B,S,B,S,S,B,S,S,B,S,S,B,B,B,B,B,S,S,S,S,S,B,S,S,S,B,B,B,S,S,B,S,B,S,S,B,S,S,S,B,B,S,B,S,B,B,S,S,B,S,S,B,S,S,B,S,S,B,B,S,S,S,S,S,S,B,S,B,S,S,B,B,B,S,S,S,S,B,S,S,B,B,S,B,S,S,S,S,S,B,S,S,S,B,B,B,B,S,B,B,B,B,B,S,B,H,S,S,B,S,B,B,S,S,S,B,S,S,B,B,S,B,S,B,S,B,H,S,H,S,B,B,S,S,S,S,B,B,S,S,S,B,S,S,H,B,S,S,B,S,B,S,S,B,B,B,B,H,S,S,S,S,S,S,B,B,S,S,B,S,B,S,B,B,S,S,B,B,B,B,B,B,S,S,S,B,S,S,S,B,S,S,S,B,B,S,B,S,S,S,S,B,B,S,B,B,H,S,S,B,B,B,S,S,B,B,S,B,B,B,B,H,B,S,S,B,S,S,B,S,S,B,S,B,B,B,S,B,S,S,S,H,S,B,S,B,B,S,B,S,S,S,S,H,B,B,S,S,S,B,S,S,B,B,B,B,B,B,B,S,S,S,B,B,B,B,B,B,S,B,B,S,S,S,S,S,S,B,S,B,B,S,B,S,B,S,S,S,B,S,S,B,B,B,S,S,S,S,B,B,B,B,S,S,S,S,S,B,S,S,B,S,S,S,S,S,S,B,S,S,B,S,B,S,S,H,S,S,S,B,S,S,S,S,S,S,B,S,S,B,B,S,S,S,S,H,S,S,S,S,S,B,B,S,S,H,S,B,B,B,S,B,26,4,MSAT4.15,34.1,9.362588,B,S,S,S,S,S,S,S,B,S,B,B,S,B,B,B,S,S,B,S,S,B,S,S,S,S,B,B,B,B,S,S,B,S,S,S,B,B,H,S,B,S,B,B,B,B,S,B,B,S,B,S,S,B,S,S,B,S,S,B,B,B,B,B,S,S,S,S,S,B,S,S,S,B,B,B,S,S,B,S,B,S,S,B,S,S,S,B,B,S,B,S,B,B,S,S,B,S,S,B,S,S,B,S,S,B,B,S,S,S,S,S,S,B,S,B,S,S,B,B,B,S,S,S,S,B,S,S,B,B,S,B,S,S,S,S,S,B,S,S,S,B,B,B,B,S,B,B,B,B,B,S,B,H,S,S,B,S,B,B,S,S,S,B,S,S,B,B,S,B,S,B,S,B,H,S,H,S,B,B,S,S,S,S,B,B,S,S,S,B,S,S,H,B,S,S,B,S,B,S,S,B,B,B,B,H,S,S,S,S,S,S,B,B,S,S,B,S,B,S,B,B,S,S,B,B,B,B,B,B,S,S,S,B,S,S,S,B,S,S,S,B,B,S,B,S,S,S,S,B,B,S,B,B,H,S,S,B,B,B,S,S,B,B,S,B,B,B,B,H,B,S,S,B,S,S,B,S,S,B,S,B,B,B,S,B,S,S,S,H,S,B,S,B,B,S,B,S,S,S,S,H,B,B,S,S,S,B,S,S,B,B,B,B,B,B,B,S,S,S,B,B,B,B,B,B,S,B,B,S,S,S,S,S,S,B,S,B,B,S,B,S,B,S,S,S,B,S,S,B,B,B,S,S,S,S,B,B,B,B,S,S,S,S,S,B,S,S,B,S,S,S,S,S,S,B,S,S,B,S,B,S,S,H,S,S,S,B,S,S,S,S,S,S,B,S,S,B,B,S,S,S,S,H,S,S,S,S,S,B,B,S,S,H,S,B,B,B,S,B,26
 , , , , , , ,4,MSAT4.18,47.400,11.966304,H,S,B,S,S,S,S,S,B,S,B,B,S,B,S,B,S,S,S,S,S,B,S,S,S,S,B,B,B,B,S,S,B,S,S,S,S,B,B,S,B,S,B,S,B,B,S,B,S,S,B,S,S,B,S,S,S,S,S,S,S,B,B,B,B,B,S,S,S,S,B,B,S,B,B,B,S,S,B,S,B,S,B,B,S,S,S,B,H,S,S,S,S,B,S,S,B,B,S,B,S,S,B,S,S,B,B,S,S,H,S,S,S,B,S,B,S,S,S,B,B,S,S,S,S,S,B,S,B,B,S,B,S,S,S,S,B,B,S,S,S,B,B,S,B,S,B,S,B,B,S,B,B,H,B,S,B,S,B,S,S,S,B,S,S,S,S,B,S,S,B,B,B,S,H,S,S,S,B,B,S,S,S,S,B,S,S,S,S,B,S,S,S,B,B,S,B,B,B,S,S,S,H,S,S,S,S,S,S,S,S,S,B,S,S,S,B,S,B,S,S,B,S,S,B,B,B,S,S,B,S,B,S,H,S,S,S,B,S,S,S,B,S,S,B,S,S,S,S,S,B,S,B,B,S,S,S,B,S,S,S,S,B,B,S,B,S,S,S,H,B,B,S,B,S,S,B,B,S,S,S,B,B,B,S,S,S,S,S,H,S,S,S,B,S,B,B,S,S,S,B,B,B,B,S,S,S,S,S,S,B,B,B,B,B,B,S,S,S,S,B,B,B,B,S,S,B,S,S,S,S,S,S,S,S,B,S,B,S,S,B,S,B,S,S,S,S,S,S,B,B,B,S,S,S,S,B,B,S,B,S,B,S,S,S,B,S,B,S,S,S,S,S,S,S,S,S,S,B,S,B,S,S,S,S,S,S,B,S,S,S,S,B,S,B,S,S,B,B,S,S,S,S,B,S,S,S,B,S,S,S,S,S,S,S,B,B,B,S,S,27,4,MSAT4.18,47.4,11.966304,H,S,B,S,S,S,S,S,B,S,B,B,S,B,S,B,S,S,S,S,S,B,S,S,S,S,B,B,B,B,S,S,B,S,S,S,S,B,B,S,B,S,B,S,B,B,S,B,S,S,B,S,S,B,S,S,S,S,S,S,S,B,B,B,B,B,S,S,S,S,B,B,S,B,B,B,S,S,B,S,B,S,B,B,S,S,S,B,H,S,S,S,S,B,S,S,B,B,S,B,S,S,B,S,S,B,B,S,S,H,S,S,S,B,S,B,S,S,S,B,B,S,S,S,S,S,B,S,B,B,S,B,S,S,S,S,B,B,S,S,S,B,B,S,B,S,B,S,B,B,S,B,B,H,B,S,B,S,B,S,S,S,B,S,S,S,S,B,S,S,B,B,B,S,H,S,S,S,B,B,S,S,S,S,B,S,S,S,S,B,S,S,S,B,B,S,B,B,B,S,S,S,H,S,S,S,S,S,S,S,S,S,B,S,S,S,B,S,B,S,S,B,S,S,B,B,B,S,S,B,S,B,S,H,S,S,S,B,S,S,S,B,S,S,B,S,S,S,S,S,B,S,B,B,S,S,S,B,S,S,S,S,B,B,S,B,S,S,S,H,B,B,S,B,S,S,B,B,S,S,S,B,B,B,S,S,S,S,S,H,S,S,S,B,S,B,B,S,S,S,B,B,B,B,S,S,S,S,S,S,B,B,B,B,B,B,S,S,S,S,B,B,B,B,S,S,B,S,S,S,S,S,S,S,S,B,S,B,S,S,B,S,B,S,S,S,S,S,S,B,B,B,S,S,S,S,B,B,S,B,S,B,S,S,S,B,S,B,S,S,S,S,S,S,S,S,S,S,B,S,B,S,S,S,S,S,S,B,S,S,S,S,B,S,B,S,S,B,B,S,S,S,S,B,S,S,S,B,S,S,S,S,S,S,S,B,B,B,S,S,27
 , , , , , , ,4,MSAT4.9,55.900,15.790523,B,B,S,S,S,S,S,S,B,S,B,B,S,B,S,B,S,S,S,S,S,B,S,S,S,B,B,B,H,B,B,H,S,S,B,S,S,B,S,S,B,S,B,S,B,B,B,H,S,S,H,S,S,B,B,S,H,S,S,H,S,B,B,B,B,B,B,S,S,S,B,B,S,B,B,B,H,B,B,S,B,S,S,B,S,S,S,B,S,S,B,H,S,B,S,S,S,S,S,B,S,S,S,S,S,B,B,S,B,B,S,S,S,B,S,B,S,S,B,B,B,S,S,B,S,S,B,S,B,S,S,B,H,S,S,S,B,S,B,S,S,B,B,B,B,S,B,S,B,B,S,B,H,B,B,S,S,S,B,S,S,S,B,S,S,S,S,B,S,S,S,B,B,S,H,S,S,S,S,H,S,S,S,S,S,S,S,S,H,B,S,B,S,H,B,S,B,B,B,S,S,S,B,S,S,S,S,S,S,S,S,S,B,B,S,S,B,H,S,S,S,B,S,B,S,B,S,S,S,B,S,B,S,B,S,B,S,B,S,S,S,B,S,S,B,S,S,S,S,S,H,S,S,B,H,B,S,B,S,S,S,S,S,B,S,B,S,S,S,B,S,S,B,B,S,S,H,B,S,S,S,B,B,B,S,S,S,S,S,S,S,S,S,B,S,B,S,S,S,B,B,H,B,B,S,S,S,S,B,S,B,B,S,B,B,B,S,S,S,S,B,B,B,B,S,S,B,B,S,S,S,S,S,S,S,B,S,S,S,S,H,S,B,S,S,S,S,S,S,B,B,B,S,S,S,S,S,B,S,B,H,B,S,S,B,B,S,B,S,B,S,S,S,S,S,S,S,S,S,S,B,S,S,S,S,S,S,B,B,B,S,S,B,S,B,S,S,B,B,S,B,S,S,B,S,S,S,B,S,S,B,B,S,S,S,B,B,B,S,S,28,4,MSAT4.9,55.9,15.790523,B,B,S,S,S,S,S,S,B,S,B,B,S,B,S,B,S,S,S,S,S,B,S,S,S,B,B,B,H,B,B,H,S,S,B,S,S,B,S,S,B,S,B,S,B,B,B,H,S,S,H,S,S,B,B,S,H,S,S,H,S,B,B,B,B,B,B,S,S,S,B,B,S,B,B,B,H,B,B,S,B,S,S,B,S,S,S,B,S,S,B,H,S,B,S,S,S,S,S,B,S,S,S,S,S,B,B,S,B,B,S,S,S,B,S,B,S,S,B,B,B,S,S,B,S,S,B,S,B,S,S,B,H,S,S,S,B,S,B,S,S,B,B,B,B,S,B,S,B,B,S,B,H,B,B,S,S,S,B,S,S,S,B,S,S,S,S,B,S,S,S,B,B,S,H,S,S,S,S,H,S,S,S,S,S,S,S,S,H,B,S,B,S,H,B,S,B,B,B,S,S,S,B,S,S,S,S,S,S,S,S,S,B,B,S,S,B,H,S,S,S,B,S,B,S,B,S,S,S,B,S,B,S,B,S,B,S,B,S,S,S,B,S,S,B,S,S,S,S,S,H,S,S,B,H,B,S,B,S,S,S,S,S,B,S,B,S,S,S,B,S,S,B,B,S,S,H,B,S,S,S,B,B,B,S,S,S,S,S,S,S,S,S,B,S,B,S,S,S,B,B,H,B,B,S,S,S,S,B,S,B,B,S,B,B,B,S,S,S,S,B,B,B,B,S,S,B,B,S,S,S,S,S,S,S,B,S,S,S,S,H,S,B,S,S,S,S,S,S,B,B,B,S,S,S,S,S,B,S,B,H,B,S,S,B,B,S,B,S,B,S,S,S,S,S,S,S,S,S,S,B,S,S,S,S,S,S,B,B,B,S,S,B,S,B,S,S,B,B,S,B,S,S,B,S,S,S,B,S,S,B,B,S,S,S,B,B,B,S,S,28
 , , , , , , ,4,MSAT4.37,69.900,18.336495,B,B,S,S,S,S,B,S,B,S,B,B,S,B,S,B,S,S,S,S,H,B,S,S,S,B,B,B,H,B,B,H,S,S,B,B,S,H,H,H,S,B,S,B,S,B,B,S,B,S,S,S,B,B,B,B,S,S,S,S,B,S,B,B,B,B,S,S,S,S,S,B,S,B,B,B,H,B,B,B,B,B,B,B,S,S,S,B,B,S,S,S,B,S,S,B,S,S,S,B,S,S,S,S,S,S,B,B,B,B,S,S,B,B,B,B,S,S,B,B,B,S,S,B,S,S,B,S,B,S,S,B,S,B,S,B,B,S,B,B,B,S,B,B,B,S,B,S,B,B,S,B,S,S,B,S,H,S,S,S,S,S,B,S,S,B,S,B,S,S,S,B,B,S,H,S,S,B,S,H,S,S,S,B,S,S,S,B,H,B,B,B,S,S,H,S,B,B,B,B,S,S,B,S,S,S,B,S,S,S,S,B,B,B,B,S,B,H,S,S,H,B,S,B,S,B,B,B,S,S,S,B,H,B,S,B,S,B,B,B,S,B,H,S,B,S,S,S,S,S,H,S,H,B,S,B,S,S,S,S,S,B,S,B,S,S,B,S,S,B,S,S,B,B,B,S,H,S,S,S,S,B,B,B,S,S,B,S,S,S,S,B,S,S,S,B,S,B,S,S,B,S,B,B,S,S,S,S,B,S,B,S,S,H,B,S,B,S,B,S,S,B,S,B,S,S,S,B,S,S,B,S,S,S,H,B,S,S,S,S,S,S,B,S,S,B,H,B,S,B,B,B,S,S,S,S,S,B,S,H,S,B,S,S,B,B,S,B,S,B,B,S,S,S,S,S,B,S,S,S,B,S,S,S,S,B,S,B,S,B,B,S,S,B,B,S,S,B,B,S,B,B,S,B,S,S,S,B,S,B,B,B,B,B,B,B,B,S,S,S,29,4,MSAT4.37,69.9,18.336495,B,B,S,S,S,S,B,S,B,S,B,B,S,B,S,B,S,S,S,S,H,B,S,S,S,B,B,B,H,B,B,H,S,S,B,B,S,H,H,H,S,B,S,B,S,B,B,S,B,S,S,S,B,B,B,B,S,S,S,S,B,S,B,B,B,B,S,S,S,S,S,B,S,B,B,B,H,B,B,B,B,B,B,B,S,S,S,B,B,S,S,S,B,S,S,B,S,S,S,B,S,S,S,S,S,S,B,B,B,B,S,S,B,B,B,B,S,S,B,B,B,S,S,B,S,S,B,S,B,S,S,B,S,B,S,B,B,S,B,B,B,S,B,B,B,S,B,S,B,B,S,B,S,S,B,S,H,S,S,S,S,S,B,S,S,B,S,B,S,S,S,B,B,S,H,S,S,B,S,H,S,S,S,B,S,S,S,B,H,B,B,B,S,S,H,S,B,B,B,B,S,S,B,S,S,S,B,S,S,S,S,B,B,B,B,S,B,H,S,S,H,B,S,B,S,B,B,B,S,S,S,B,H,B,S,B,S,B,B,B,S,B,H,S,B,S,S,S,S,S,H,S,H,B,S,B,S,S,S,S,S,B,S,B,S,S,B,S,S,B,S,S,B,B,B,S,H,S,S,S,S,B,B,B,S,S,B,S,S,S,S,B,S,S,S,B,S,B,S,S,B,S,B,B,S,S,S,S,B,S,B,S,S,H,B,S,B,S,B,S,S,B,S,B,S,S,S,B,S,S,B,S,S,S,H,B,S,S,S,S,S,S,B,S,S,B,H,B,S,B,B,B,S,S,S,S,S,B,S,H,S,B,S,S,B,B,S,B,S,B,B,S,S,S,S,S,B,S,S,S,B,S,S,S,S,B,S,B,S,B,B,S,S,B,B,S,S,B,B,S,B,B,S,B,S,S,S,B,S,B,B,B,B,B,B,B,B,S,S,S,29
 , , , , , , ,5,NGA225,0.000,1.507104,S,S,B,S,B,H,B,S,B,S,S,B,S,B,B,H,S,H,S,S,S,B,B,S,S,S,S,B,B,S,B,S,S,S,S,B,B,S,S,S,S,S,S,S,S,S,S,S,S,B,S,S,B,B,S,B,S,B,B,B,S,S,S,S,B,B,S,S,B,B,B,H,S,S,B,B,S,S,S,B,B,B,S,B,B,B,S,S,B,S,S,S,S,B,B,B,B,S,S,B,S,B,S,S,B,S,B,S,S,B,S,S,S,S,S,B,B,S,S,B,H,B,B,S,S,S,S,S,H,S,B,B,S,H,S,B,S,B,B,S,S,S,B,S,S,S,S,S,B,S,S,S,S,B,H,S,B,S,B,B,S,S,S,B,B,S,B,S,B,S,S,B,S,S,B,S,S,S,B,S,B,S,S,S,B,B,S,B,S,S,S,S,B,S,B,B,B,S,B,S,S,S,S,S,S,B,B,S,S,S,B,S,S,B,S,S,B,B,B,S,B,B,B,S,S,S,S,B,S,S,S,S,S,S,B,S,B,B,B,S,B,S,S,S,B,S,S,S,S,S,S,B,S,S,S,B,S,S,B,S,S,S,S,S,B,B,S,B,B,B,B,S,S,S,S,B,S,B,S,B,S,S,S,S,S,B,B,B,S,B,S,B,S,S,B,S,S,S,B,B,B,B,S,B,S,S,S,B,S,S,B,S,B,B,B,B,S,S,S,S,B,S,S,B,B,H,B,B,S,S,S,B,B,B,S,S,B,S,B,B,B,S,S,B,B,B,S,S,B,B,S,S,H,S,B,S,S,S,B,S,S,S,B,S,S,S,S,S,B,H,B,S,S,B,S,B,B,S,B,B,S,B,B,B,S,B,S,S,B,S,S,H,B,B,B,B,B,B,S,B,B,B,H,B,B,B,B,B,B,B,B,B,S,S,H,S,S,S,B,B,30,5,NGA225,0.0,1.507104,S,S,B,S,B,H,B,S,B,S,S,B,S,B,B,H,S,H,S,S,S,B,B,S,S,S,S,B,B,S,B,S,S,S,S,B,B,S,S,S,S,S,S,S,S,S,S,S,S,B,S,S,B,B,S,B,S,B,B,B,S,S,S,S,B,B,S,S,B,B,B,H,S,S,B,B,S,S,S,B,B,B,S,B,B,B,S,S,B,S,S,S,S,B,B,B,B,S,S,B,S,B,S,S,B,S,B,S,S,B,S,S,S,S,S,B,B,S,S,B,H,B,B,S,S,S,S,S,H,S,B,B,S,H,S,B,S,B,B,S,S,S,B,S,S,S,S,S,B,S,S,S,S,B,H,S,B,S,B,B,S,S,S,B,B,S,B,S,B,S,S,B,S,S,B,S,S,S,B,S,B,S,S,S,B,B,S,B,S,S,S,S,B,S,B,B,B,S,B,S,S,S,S,S,S,B,B,S,S,S,B,S,S,B,S,S,B,B,B,S,B,B,B,S,S,S,S,B,S,S,S,S,S,S,B,S,B,B,B,S,B,S,S,S,B,S,S,S,S,S,S,B,S,S,S,B,S,S,B,S,S,S,S,S,B,B,S,B,B,B,B,S,S,S,S,B,S,B,S,B,S,S,S,S,S,B,B,B,S,B,S,B,S,S,B,S,S,S,B,B,B,B,S,B,S,S,S,B,S,S,B,S,B,B,B,B,S,S,S,S,B,S,S,B,B,H,B,B,S,S,S,B,B,B,S,S,B,S,B,B,B,S,S,B,B,B,S,S,B,B,S,S,H,S,B,S,S,S,B,S,S,S,B,S,S,S,S,S,B,H,B,S,S,B,S,B,B,S,B,B,S,B,B,B,S,B,S,S,B,S,S,H,B,B,B,B,B,B,S,B,B,B,H,B,B,B,B,B,B,B,B,B,S,S,H,S,S,S,B,B,30
 , , , , , , ,5,NGA249,3.100,2.770217,S,S,B,S,B,H,B,S,B,S,S,B,S,B,B,B,S,S,S,S,S,B,B,S,S,S,S,B,B,S,B,B,S,S,S,B,B,S,S,S,S,S,S,S,S,S,S,S,S,B,S,S,B,B,S,B,S,B,S,B,S,S,S,S,B,B,S,S,B,B,B,H,S,S,B,B,S,S,S,B,B,B,S,B,B,B,S,S,S,S,S,S,S,S,B,B,B,S,S,B,B,B,S,S,B,S,B,S,S,S,S,S,S,S,S,B,B,S,H,B,H,B,B,S,S,S,S,B,H,S,B,B,S,H,S,H,S,B,B,S,S,B,B,S,S,S,S,S,B,S,S,S,S,B,H,S,B,S,B,S,S,S,S,B,B,S,B,S,B,S,S,B,S,S,B,S,S,S,B,S,B,S,S,S,B,B,S,B,S,S,S,S,B,S,B,B,S,S,B,S,S,S,S,S,S,B,B,S,S,S,B,S,H,B,S,S,B,B,B,H,B,B,B,S,S,S,S,B,S,S,S,S,S,S,B,S,B,B,B,S,B,S,S,S,B,S,S,S,H,S,S,B,B,S,S,B,S,S,B,S,S,S,S,S,B,B,S,B,B,H,B,S,B,S,S,B,S,B,S,B,S,S,S,S,B,B,B,B,S,B,S,S,S,S,B,H,S,S,B,B,S,B,S,B,S,S,S,B,B,S,B,B,B,B,B,B,S,S,B,S,B,S,B,B,B,H,B,B,S,S,S,B,B,B,S,S,B,S,B,B,B,S,S,B,B,B,S,S,S,B,S,B,H,S,B,S,S,S,B,S,B,S,B,S,S,S,S,S,B,B,B,S,S,B,S,B,B,S,B,B,S,B,B,B,S,B,S,S,B,B,S,H,B,B,B,B,B,B,S,B,B,B,B,B,B,B,B,B,B,B,B,B,S,S,H,S,S,S,B,B,31,5,NGA249,3.1,2.770217,S,S,B,S,B,H,B,S,B,S,S,B,S,B,B,B,S,S,S,S,S,B,B,S,S,S,S,B,B,S,B,B,S,S,S,B,B,S,S,S,S,S,S,S,S,S,S,S,S,B,S,S,B,B,S,B,S,B,S,B,S,S,S,S,B,B,S,S,B,B,B,H,S,S,B,B,S,S,S,B,B,B,S,B,B,B,S,S,S,S,S,S,S,S,B,B,B,S,S,B,B,B,S,S,B,S,B,S,S,S,S,S,S,S,S,B,B,S,H,B,H,B,B,S,S,S,S,B,H,S,B,B,S,H,S,H,S,B,B,S,S,B,B,S,S,S,S,S,B,S,S,S,S,B,H,S,B,S,B,S,S,S,S,B,B,S,B,S,B,S,S,B,S,S,B,S,S,S,B,S,B,S,S,S,B,B,S,B,S,S,S,S,B,S,B,B,S,S,B,S,S,S,S,S,S,B,B,S,S,S,B,S,H,B,S,S,B,B,B,H,B,B,B,S,S,S,S,B,S,S,S,S,S,S,B,S,B,B,B,S,B,S,S,S,B,S,S,S,H,S,S,B,B,S,S,B,S,S,B,S,S,S,S,S,B,B,S,B,B,H,B,S,B,S,S,B,S,B,S,B,S,S,S,S,B,B,B,B,S,B,S,S,S,S,B,H,S,S,B,B,S,B,S,B,S,S,S,B,B,S,B,B,B,B,B,B,S,S,B,S,B,S,B,B,B,H,B,B,S,S,S,B,B,B,S,S,B,S,B,B,B,S,S,B,B,B,S,S,S,B,S,B,H,S,B,S,S,S,B,S,B,S,B,S,S,S,S,S,B,B,B,S,S,B,S,B,B,S,B,B,S,B,B,B,S,B,S,S,B,B,S,H,B,B,B,B,B,B,S,B,B,B,B,B,B,B,B,B,B,B,B,B,S,S,H,S,S,S,B,B,31
 , , , , , , ,5,MSAT5.14,18.000,7.498509,S,S,B,B,B,H,H,S,B,S,S,B,S,B,S,S,B,B,B,S,S,S,B,S,S,S,S,B,B,S,B,B,S,S,S,B,B,S,S,S,H,B,S,S,S,S,S,S,B,B,B,S,B,B,S,B,B,B,S,H,S,B,S,S,B,B,B,B,S,B,B,S,S,S,B,B,S,S,S,B,B,B,S,B,B,B,S,B,S,S,S,S,S,B,B,B,S,S,S,B,S,B,S,S,B,S,S,S,B,S,S,S,S,S,B,B,S,S,B,S,H,B,B,S,S,S,S,S,H,S,B,S,B,S,S,S,S,B,B,S,S,B,B,S,B,S,S,S,B,S,S,S,S,S,H,S,S,S,B,S,S,S,S,B,B,S,B,S,S,S,B,B,S,S,B,S,S,B,S,S,B,S,B,S,B,S,S,S,B,S,S,S,S,S,B,B,S,S,B,B,S,H,H,S,B,B,B,H,S,H,H,S,S,S,S,S,S,B,B,B,B,B,B,S,B,S,S,S,B,B,S,S,S,S,B,S,B,B,B,S,B,S,S,B,B,S,S,S,S,S,S,B,B,B,S,S,S,S,B,S,S,S,B,B,H,S,S,S,B,H,B,S,B,S,S,S,S,B,S,B,S,S,B,B,B,B,B,B,S,B,S,S,B,S,B,B,S,S,B,S,S,S,S,B,B,S,S,B,B,S,B,B,B,S,B,B,S,S,B,B,S,B,B,B,B,B,S,S,S,B,S,H,B,H,B,B,B,S,S,S,B,S,S,B,B,B,S,S,S,B,S,B,B,B,B,S,H,B,B,S,B,S,B,S,S,S,S,B,B,S,B,S,B,B,S,B,B,S,S,B,S,B,B,B,B,B,B,S,B,B,H,S,B,S,B,B,B,B,S,B,B,B,B,B,B,S,B,B,B,B,B,B,S,S,H,S,S,B,B,B,32,5,MSAT5.14,18.0,7.498509,S,S,B,B,B,H,H,S,B,S,S,B,S,B,S,S,B,B,B,S,S,S,B,S,S,S,S,B,B,S,B,B,S,S,S,B,B,S,S,S,H,B,S,S,S,S,S,S,B,B,B,S,B,B,S,B,B,B,S,H,S,B,S,S,B,B,B,B,S,B,B,S,S,S,B,B,S,S,S,B,B,B,S,B,B,B,S,B,S,S,S,S,S,B,B,B,S,S,S,B,S,B,S,S,B,S,S,S,B,S,S,S,S,S,B,B,S,S,B,S,H,B,B,S,S,S,S,S,H,S,B,S,B,S,S,S,S,B,B,S,S,B,B,S,B,S,S,S,B,S,S,S,S,S,H,S,S,S,B,S,S,S,S,B,B,S,B,S,S,S,B,B,S,S,B,S,S,B,S,S,B,S,B,S,B,S,S,S,B,S,S,S,S,S,B,B,S,S,B,B,S,H,H,S,B,B,B,H,S,H,H,S,S,S,S,S,S,B,B,B,B,B,B,S,B,S,S,S,B,B,S,S,S,S,B,S,B,B,B,S,B,S,S,B,B,S,S,S,S,S,S,B,B,B,S,S,S,S,B,S,S,S,B,B,H,S,S,S,B,H,B,S,B,S,S,S,S,B,S,B,S,S,B,B,B,B,B,B,S,B,S,S,B,S,B,B,S,S,B,S,S,S,S,B,B,S,S,B,B,S,B,B,B,S,B,B,S,S,B,B,S,B,B,B,B,B,S,S,S,B,S,H,B,H,B,B,B,S,S,S,B,S,S,B,B,B,S,S,S,B,S,B,B,B,B,S,H,B,B,S,B,S,B,S,S,S,S,B,B,S,B,S,B,B,S,B,B,S,S,B,S,B,B,B,B,B,B,S,B,B,H,S,B,S,B,B,B,B,S,B,B,B,B,B,B,S,B,B,B,B,B,B,S,S,H,S,S,B,B,B,32
 , , , , , , ,5,NGA139,21.800,8.428136,S,S,B,B,S,S,H,S,B,S,S,B,S,B,S,B,B,B,B,S,S,S,B,S,S,S,S,B,B,S,B,B,S,S,S,S,B,S,S,S,S,S,S,S,S,S,S,S,B,B,B,S,B,B,S,B,B,B,S,S,S,B,S,H,B,B,B,B,S,B,B,S,S,S,B,B,S,S,S,B,B,B,S,B,B,B,S,B,S,S,S,S,S,B,B,S,S,S,B,B,S,B,S,S,B,S,S,B,B,S,S,S,S,B,B,B,S,S,B,S,H,B,B,S,S,S,S,S,H,S,B,S,B,S,S,S,S,B,B,S,S,B,B,S,B,S,S,S,B,S,S,B,S,S,B,S,S,S,B,S,S,S,S,B,B,S,B,S,S,S,B,B,S,S,B,S,S,B,S,S,B,S,H,S,B,S,S,S,B,S,S,S,S,S,S,B,B,S,B,B,S,H,B,S,B,B,B,H,S,H,H,S,S,S,B,S,S,B,B,B,B,S,B,S,B,S,S,S,B,B,S,S,S,S,B,S,B,B,B,S,B,S,S,B,S,S,S,S,S,S,S,B,B,B,S,S,S,S,B,S,S,S,B,B,H,S,S,S,B,H,B,S,B,S,S,S,S,B,S,B,S,S,B,B,B,B,B,B,S,B,S,S,B,S,B,B,B,S,B,S,S,S,S,B,B,S,S,B,B,S,B,S,B,S,B,B,S,S,B,B,S,B,B,B,S,B,S,H,S,B,S,H,B,S,B,B,S,S,B,S,B,S,S,B,B,B,S,B,S,B,S,B,B,B,S,S,S,B,B,S,B,B,B,S,S,S,S,B,B,S,S,S,B,S,S,B,B,S,S,B,B,B,B,B,B,B,B,S,B,B,H,S,B,S,B,B,B,B,S,B,B,B,B,B,S,S,B,B,B,B,B,B,S,S,B,S,S,S,B,B,33,5,NGA139,21.8,8.428136,S,S,B,B,S,S,H,S,B,S,S,B,S,B,S,B,B,B,B,S,S,S,B,S,S,S,S,B,B,S,B,B,S,S,S,S,B,S,S,S,S,S,S,S,S,S,S,S,B,B,B,S,B,B,S,B,B,B,S,S,S,B,S,H,B,B,B,B,S,B,B,S,S,S,B,B,S,S,S,B,B,B,S,B,B,B,S,B,S,S,S,S,S,B,B,S,S,S,B,B,S,B,S,S,B,S,S,B,B,S,S,S,S,B,B,B,S,S,B,S,H,B,B,S,S,S,S,S,H,S,B,S,B,S,S,S,S,B,B,S,S,B,B,S,B,S,S,S,B,S,S,B,S,S,B,S,S,S,B,S,S,S,S,B,B,S,B,S,S,S,B,B,S,S,B,S,S,B,S,S,B,S,H,S,B,S,S,S,B,S,S,S,S,S,S,B,B,S,B,B,S,H,B,S,B,B,B,H,S,H,H,S,S,S,B,S,S,B,B,B,B,S,B,S,B,S,S,S,B,B,S,S,S,S,B,S,B,B,B,S,B,S,S,B,S,S,S,S,S,S,S,B,B,B,S,S,S,S,B,S,S,S,B,B,H,S,S,S,B,H,B,S,B,S,S,S,S,B,S,B,S,S,B,B,B,B,B,B,S,B,S,S,B,S,B,B,B,S,B,S,S,S,S,B,B,S,S,B,B,S,B,S,B,S,B,B,S,S,B,B,S,B,B,B,S,B,S,H,S,B,S,H,B,S,B,B,S,S,B,S,B,S,S,B,B,B,S,B,S,B,S,B,B,B,S,S,S,B,B,S,B,B,B,S,S,S,S,B,B,S,S,S,B,S,S,B,B,S,S,B,B,B,B,B,B,B,B,S,B,B,H,S,B,S,B,B,B,B,S,B,B,B,B,B,S,S,B,B,B,B,B,B,S,S,B,S,S,S,B,B,33
 , , , , , , ,5,MSAT5.22,36.400,13.961058,S,S,B,B,S,S,B,B,B,B,B,B,B,B,S,B,B,B,B,B,S,S,B,S,S,S,S,B,B,S,B,S,H,H,S,S,B,B,S,S,B,S,S,B,S,S,S,B,B,B,B,S,B,B,S,S,B,B,S,U,S,S,U,B,S,B,B,B,S,B,S,S,S,S,B,B,S,S,S,B,B,B,S,S,B,B,S,B,S,S,B,B,S,B,B,B,U,S,B,B,B,B,H,S,B,S,S,B,B,S,S,B,S,H,H,B,S,S,S,B,H,B,B,S,B,S,S,S,B,B,B,S,H,B,B,B,B,S,S,H,S,B,B,S,B,S,B,S,B,U,B,B,B,S,B,B,B,S,B,S,S,U,S,B,S,S,B,H,S,S,S,B,S,S,B,S,S,B,S,S,S,S,B,S,B,U,S,S,S,S,S,S,S,B,S,S,B,S,B,B,S,B,B,S,B,B,B,U,S,B,S,S,S,S,B,B,S,B,B,B,B,S,B,S,B,S,S,S,B,S,B,H,S,U,B,S,B,S,B,S,S,S,S,B,S,B,S,S,S,B,S,B,S,B,S,S,B,S,B,S,S,S,B,B,S,B,B,S,H,S,B,S,B,S,S,S,S,B,B,B,B,B,B,B,B,B,B,B,B,S,S,B,B,S,B,B,B,S,B,S,S,B,S,B,B,S,S,S,B,S,S,B,B,S,B,B,S,S,B,B,S,B,H,B,S,B,S,B,B,B,B,S,B,S,B,B,S,B,B,B,B,S,B,B,B,B,S,B,B,B,B,B,B,B,S,B,B,B,B,B,B,B,B,S,U,U,S,U,S,B,B,B,B,B,S,B,B,B,S,S,B,B,B,B,H,B,B,S,B,B,H,B,B,B,B,S,B,B,U,S,B,U,B,B,S,S,B,B,B,B,B,B,S,U,B,S,S,S,B,B,34,5,MSAT5.22,36.4,13.961058,S,S,B,B,S,S,B,B,B,B,B,B,B,B,S,B,B,B,B,B,S,S,B,S,S,S,S,B,B,S,B,S,H,H,S,S,B,B,S,S,B,S,S,B,S,S,S,B,B,B,B,S,B,B,S,S,B,B,S,U,S,S,U,B,S,B,B,B,S,B,S,S,S,S,B,B,S,S,S,B,B,B,S,S,B,B,S,B,S,S,B,B,S,B,B,B,U,S,B,B,B,B,H,S,B,S,S,B,B,S,S,B,S,H,H,B,S,S,S,B,H,B,B,S,B,S,S,S,B,B,B,S,H,B,B,B,B,S,S,H,S,B,B,S,B,S,B,S,B,U,B,B,B,S,B,B,B,S,B,S,S,U,S,B,S,S,B,H,S,S,S,B,S,S,B,S,S,B,S,S,S,S,B,S,B,U,S,S,S,S,S,S,S,B,S,S,B,S,B,B,S,B,B,S,B,B,B,U,S,B,S,S,S,S,B,B,S,B,B,B,B,S,B,S,B,S,S,S,B,S,B,H,S,U,B,S,B,S,B,S,S,S,S,B,S,B,S,S,S,B,S,B,S,B,S,S,B,S,B,S,S,S,B,B,S,B,B,S,H,S,B,S,B,S,S,S,S,B,B,B,B,B,B,B,B,B,B,B,B,S,S,B,B,S,B,B,B,S,B,S,S,B,S,B,B,S,S,S,B,S,S,B,B,S,B,B,S,S,B,B,S,B,H,B,S,B,S,B,B,B,B,S,B,S,B,B,S,B,B,B,B,S,B,B,B,B,S,B,B,B,B,B,B,B,S,B,B,B,B,B,B,B,B,S,U,U,S,U,S,B,B,B,B,B,S,B,B,B,S,S,B,B,B,B,H,B,B,S,B,B,H,B,B,B,B,S,B,B,U,S,B,U,B,B,S,S,B,B,B,B,B,B,S,U,B,S,S,S,B,B,34
 , , , , , , ,5,MSAT5.9,49.200,17.252309,S,S,B,S,S,S,H,B,B,B,B,B,B,B,S,B,B,B,B,B,S,B,B,S,S,S,B,B,B,B,B,S,S,S,S,H,B,B,B,S,B,S,S,B,S,S,S,B,B,S,B,S,S,B,S,S,B,B,S,S,S,B,S,B,S,B,B,B,S,B,B,B,S,B,B,B,S,S,S,B,B,B,S,S,B,B,S,B,S,B,B,H,S,B,B,B,B,B,B,B,B,S,S,S,B,S,S,B,B,S,B,B,B,H,S,B,B,S,S,B,H,B,B,S,B,S,S,S,H,S,S,S,S,B,S,S,B,B,S,H,S,B,B,B,B,S,B,S,B,S,B,B,S,S,B,B,B,S,B,S,S,S,S,S,S,S,S,S,S,S,S,B,S,S,B,S,S,B,S,H,H,S,B,S,B,S,S,B,S,S,S,B,S,B,B,S,S,B,B,B,S,B,B,S,B,B,B,B,B,S,S,S,S,S,S,B,S,B,B,B,B,S,B,S,B,B,S,S,B,S,B,H,B,S,B,B,B,B,S,S,S,S,B,B,S,B,B,S,S,S,B,B,S,B,B,S,S,B,B,S,S,S,B,B,S,B,B,B,S,S,B,S,H,B,S,B,S,B,H,B,B,S,B,S,B,S,B,S,B,S,S,S,B,S,B,B,B,S,B,S,S,B,S,B,B,B,S,B,S,S,S,B,B,S,B,B,S,B,B,S,S,B,B,B,S,B,B,B,B,B,B,S,B,S,B,B,B,S,B,S,B,H,B,B,B,B,S,B,B,H,B,S,B,B,B,B,S,S,B,B,H,B,S,S,S,S,B,B,S,B,B,B,B,S,B,B,B,B,S,S,B,B,B,S,B,B,B,S,B,B,S,S,B,B,B,H,B,S,S,S,B,S,B,S,S,S,B,B,B,B,B,B,S,S,B,S,S,S,B,S,35,5,MSAT5.9,49.2,17.252309,S,S,B,S,S,S,H,B,B,B,B,B,B,B,S,B,B,B,B,B,S,B,B,S,S,S,B,B,B,B,B,S,S,S,S,H,B,B,B,S,B,S,S,B,S,S,S,B,B,S,B,S,S,B,S,S,B,B,S,S,S,B,S,B,S,B,B,B,S,B,B,B,S,B,B,B,S,S,S,B,B,B,S,S,B,B,S,B,S,B,B,H,S,B,B,B,B,B,B,B,B,S,S,S,B,S,S,B,B,S,B,B,B,H,S,B,B,S,S,B,H,B,B,S,B,S,S,S,H,S,S,S,S,B,S,S,B,B,S,H,S,B,B,B,B,S,B,S,B,S,B,B,S,S,B,B,B,S,B,S,S,S,S,S,S,S,S,S,S,S,S,B,S,S,B,S,S,B,S,H,H,S,B,S,B,S,S,B,S,S,S,B,S,B,B,S,S,B,B,B,S,B,B,S,B,B,B,B,B,S,S,S,S,S,S,B,S,B,B,B,B,S,B,S,B,B,S,S,B,S,B,H,B,S,B,B,B,B,S,S,S,S,B,B,S,B,B,S,S,S,B,B,S,B,B,S,S,B,B,S,S,S,B,B,S,B,B,B,S,S,B,S,H,B,S,B,S,B,H,B,B,S,B,S,B,S,B,S,B,S,S,S,B,S,B,B,B,S,B,S,S,B,S,B,B,B,S,B,S,S,S,B,B,S,B,B,S,B,B,S,S,B,B,B,S,B,B,B,B,B,B,S,B,S,B,B,B,S,B,S,B,H,B,B,B,B,S,B,B,H,B,S,B,B,B,B,S,S,B,B,H,B,S,S,S,S,B,B,S,B,B,B,B,S,B,B,B,B,S,S,B,B,B,S,B,B,B,S,B,B,S,S,B,B,B,H,B,S,S,S,B,S,B,S,S,S,B,B,B,B,B,B,S,S,B,S,S,S,B,S,35
 , , , , , , ,5,MSAT5.12,63.900,21.424928,S,S,S,S,S,S,S,B,B,S,S,B,B,B,S,B,B,B,B,B,S,B,B,B,S,S,B,B,S,S,B,S,B,S,S,S,S,B,B,B,B,S,S,B,S,B,S,S,B,S,B,S,B,B,S,S,S,B,S,S,S,B,B,B,S,B,S,S,S,H,B,H,S,B,B,B,S,S,B,S,B,B,S,B,B,S,B,B,S,B,S,H,S,B,S,S,B,B,S,B,B,S,S,B,B,B,H,B,B,S,B,B,S,B,S,B,B,S,B,B,B,B,B,S,B,S,B,S,B,S,S,B,H,B,B,B,B,B,S,B,S,B,B,B,B,S,B,B,B,H,B,B,S,S,B,B,B,S,B,S,S,B,S,S,S,S,S,S,S,S,S,B,S,S,B,S,S,B,S,S,B,S,B,S,B,S,S,B,S,B,S,B,B,B,B,S,S,B,B,S,S,B,B,S,S,B,B,B,B,S,S,B,B,B,S,B,B,B,S,B,B,S,B,S,B,B,S,S,B,S,B,H,B,U,B,B,B,B,S,S,S,S,B,B,B,S,S,S,S,H,B,B,S,B,B,S,B,S,B,S,S,S,B,H,B,B,B,B,S,S,S,S,S,B,B,B,S,B,B,S,B,S,S,B,B,S,B,S,B,S,S,S,B,B,B,U,B,S,B,B,S,B,B,B,B,B,B,B,S,S,S,B,B,S,B,B,S,B,S,B,B,S,B,B,S,B,B,B,B,S,B,B,B,S,S,U,B,U,B,S,B,B,B,B,B,B,S,B,B,B,B,B,B,B,S,B,U,S,S,S,H,B,B,S,S,S,B,B,S,B,B,B,B,S,B,B,B,B,B,B,S,S,B,S,S,B,B,B,B,B,S,S,B,B,B,H,B,B,H,S,B,S,B,S,S,B,B,B,B,S,B,S,S,B,B,B,S,B,S,S,36,5,MSAT5.12,63.9,21.424928,S,S,S,S,S,S,S,B,B,S,S,B,B,B,S,B,B,B,B,B,S,B,B,B,S,S,B,B,S,S,B,S,B,S,S,S,S,B,B,B,B,S,S,B,S,B,S,S,B,S,B,S,B,B,S,S,S,B,S,S,S,B,B,B,S,B,S,S,S,H,B,H,S,B,B,B,S,S,B,S,B,B,S,B,B,S,B,B,S,B,S,H,S,B,S,S,B,B,S,B,B,S,S,B,B,B,H,B,B,S,B,B,S,B,S,B,B,S,B,B,B,B,B,S,B,S,B,S,B,S,S,B,H,B,B,B,B,B,S,B,S,B,B,B,B,S,B,B,B,H,B,B,S,S,B,B,B,S,B,S,S,B,S,S,S,S,S,S,S,S,S,B,S,S,B,S,S,B,S,S,B,S,B,S,B,S,S,B,S,B,S,B,B,B,B,S,S,B,B,S,S,B,B,S,S,B,B,B,B,S,S,B,B,B,S,B,B,B,S,B,B,S,B,S,B,B,S,S,B,S,B,H,B,U,B,B,B,B,S,S,S,S,B,B,B,S,S,S,S,H,B,B,S,B,B,S,B,S,B,S,S,S,B,H,B,B,B,B,S,S,S,S,S,B,B,B,S,B,B,S,B,S,S,B,B,S,B,S,B,S,S,S,B,B,B,U,B,S,B,B,S,B,B,B,B,B,B,B,S,S,S,B,B,S,B,B,S,B,S,B,B,S,B,B,S,B,B,B,B,S,B,B,B,S,S,U,B,U,B,S,B,B,B,B,B,B,S,B,B,B,B,B,B,B,S,B,U,S,S,S,H,B,B,S,S,S,B,B,S,B,B,B,B,S,B,B,B,B,B,B,S,S,B,S,S,B,B,B,B,B,S,S,B,B,B,H,B,B,H,S,B,S,B,S,S,B,B,B,B,S,B,S,S,B,B,B,S,B,S,S,36
 , , , , , , ,5,MSAT5.19,75.700,25.924795,B,S,S,S,S,S,S,B,B,S,S,B,B,B,S,B,B,B,B,B,S,B,B,B,B,S,B,H,S,S,S,S,B,S,S,S,S,H,B,B,H,S,B,S,S,S,H,B,B,S,B,S,B,B,H,S,S,S,B,S,S,B,B,B,B,B,S,S,S,S,B,H,B,B,B,B,S,B,B,S,B,B,B,B,B,S,B,B,S,B,B,S,B,B,S,S,S,B,B,B,B,H,B,B,B,B,H,B,B,S,B,B,S,B,S,B,S,S,B,B,B,S,B,S,B,B,B,S,B,B,S,B,S,B,S,B,B,B,B,B,S,B,B,B,B,S,B,S,B,H,B,B,S,S,B,B,B,S,B,S,S,B,S,S,S,S,S,B,S,S,S,B,S,S,S,S,S,S,S,S,S,B,B,S,B,S,S,B,B,B,S,B,B,B,B,S,H,B,B,S,S,B,B,S,S,S,B,B,B,S,S,B,B,S,S,B,B,H,S,B,S,B,B,S,B,B,S,S,B,B,B,B,B,B,S,B,S,B,S,S,S,B,B,B,B,S,S,S,S,S,B,B,S,B,B,S,B,B,S,S,S,S,S,B,B,B,S,B,S,S,S,B,H,B,B,B,S,B,B,H,S,B,S,B,B,S,B,B,B,S,B,S,B,B,B,B,B,S,S,B,S,B,B,B,B,B,B,B,S,S,B,B,S,S,B,B,S,B,S,B,S,B,B,B,S,B,B,H,S,S,B,B,S,B,S,B,B,B,S,S,B,B,B,S,B,B,S,B,B,B,B,B,S,S,S,B,B,B,S,B,S,B,S,B,S,B,B,B,S,B,B,B,B,S,H,B,B,B,B,B,B,S,B,B,S,B,S,B,B,B,S,B,B,B,B,B,S,B,B,S,B,S,B,B,S,B,B,B,S,S,B,S,S,B,B,B,H,B,S,S,37,5,MSAT5.19,75.7,25.924795,B,S,S,S,S,S,S,B,B,S,S,B,B,B,S,B,B,B,B,B,S,B,B,B,B,S,B,H,S,S,S,S,B,S,S,S,S,H,B,B,H,S,B,S,S,S,H,B,B,S,B,S,B,B,H,S,S,S,B,S,S,B,B,B,B,B,S,S,S,S,B,H,B,B,B,B,S,B,B,S,B,B,B,B,B,S,B,B,S,B,B,S,B,B,S,S,S,B,B,B,B,H,B,B,B,B,H,B,B,S,B,B,S,B,S,B,S,S,B,B,B,S,B,S,B,B,B,S,B,B,S,B,S,B,S,B,B,B,B,B,S,B,B,B,B,S,B,S,B,H,B,B,S,S,B,B,B,S,B,S,S,B,S,S,S,S,S,B,S,S,S,B,S,S,S,S,S,S,S,S,S,B,B,S,B,S,S,B,B,B,S,B,B,B,B,S,H,B,B,S,S,B,B,S,S,S,B,B,B,S,S,B,B,S,S,B,B,H,S,B,S,B,B,S,B,B,S,S,B,B,B,B,B,B,S,B,S,B,S,S,S,B,B,B,B,S,S,S,S,S,B,B,S,B,B,S,B,B,S,S,S,S,S,B,B,B,S,B,S,S,S,B,H,B,B,B,S,B,B,H,S,B,S,B,B,S,B,B,B,S,B,S,B,B,B,B,B,S,S,B,S,B,B,B,B,B,B,B,S,S,B,B,S,S,B,B,S,B,S,B,S,B,B,B,S,B,B,H,S,S,B,B,S,B,S,B,B,B,S,S,B,B,B,S,B,B,S,B,B,B,B,B,S,S,S,B,B,B,S,B,S,B,S,B,S,B,B,B,S,B,B,B,B,S,H,B,B,B,B,B,B,S,B,B,S,B,S,B,B,B,S,B,B,B,B,B,S,B,B,S,B,S,B,B,S,B,B,B,S,S,B,S,S,B,B,B,H,B,S,S,37
